fecha,entidad,linea_excel,turno,sku,descripcion,cajas,embalaje,unidades,kg_caja,kg,mantenimiento
2026-01-02,L22,LINEA 22,1,3251824,"VANSH,CO,450ML WHITEX24",0,24,0,11.925,0,no
2026-01-03,L14,LINEA 14,1,3331342,"SANPC,ES,OASIS DE LAVAN 1000ML",0,12,0,12.725,0,no
2026-01-03,L19,LINEA 19,1,3251821,"VANSH,CO,800ML WHITEX12",0,12,0,10.463,0,no
2026-01-03,L22,LINEA 22,1,3251824,"VANSH,CO,450ML WHITEX24",0,24,0,11.925,0,no
2026-01-05,L14,LINEA 14,1,3331342,"SANPC,ES,OASIS DE LAVAN 1000ML",348,12,4176,12.725,4428.3,no
2026-01-05,L14,LINEA 14,2,3101149,"SANPC,CO,1000 ML X 12 C&M",74,12,888,12.725,941.65,no
2026-01-05,L14,LINEA 14,2,3331342,"SANPC,ES,OASIS DE LAVAN 1000ML",836,12,10032,12.725,10638.1,no
2026-01-05,L19,LINEA 19,1,3251821,"VANSH,CO,800ML WHITEX12",773,12,9276,10.463,8087.899,no
2026-01-05,L20,LINEA 20,1,3303200,"VANSH,CO,POLVO BLANCO 100GRX24",720,24,17280,2.561,1843.92,no
2026-01-05,L22,LINEA 22,1,3251824,"VANSH,CO,450ML WHITEX24",1361,24,32664,11.925,16229.925,no
2026-01-05,L22,LINEA 22,2,3251824,"VANSH,CO,450ML WHITEX24",1207,24,28968,11.925,14393.475,no
2026-01-06,L14,LINEA 14,1,3101149,"SANPC,CO,1000 ML X 12 C&M",1000,12,12000,12.725,12725,no
2026-01-06,L14,LINEA 14,2,3101149,"SANPC,CO,1000 ML X 12 C&M",175,12,2100,12.725,2226.875,no
2026-01-06,L14,LINEA 14,2,3331343,"SANPC,CO,MANZANA VERDE 1000ML",825,12,9900,12.925,10663.125,no
2026-01-06,L19,LINEA 19,1,3251821,"VANSH,CO,800ML WHITEX12",1228,12,14736,10.463,12848.564,no
2026-01-06,L20,LINEA 20,1,3303200,"VANSH,CO,POLVO BLANCO 100GRX24",682,24,16368,2.561,1746.602,no
2026-01-06,L22,LINEA 22,1,3251823,"VANSH,CO,450ML PINKX24",834,24,20016,11.925,9945.45,no
2026-01-06,L22,LINEA 22,1,3251824,"VANSH,CO,450ML WHITEX24",453,24,10872,11.925,5402.025,no
2026-01-06,L22,LINEA 22,2,3251823,"VANSH,CO,450ML PINKX24",1125,24,27000,11.925,13415.625,no
2026-01-07,L14,LINEA 14,1,3101148,"SANPC,CO,1000 ML X 12 VAINILLA",270,12,3240,12.725,3435.75,no
2026-01-07,L14,LINEA 14,1,3331343,"SANPC,CO,MANZANA VERDE 1000ML",424,12,5088,12.925,5480.2,no
2026-01-07,L14,LINEA 14,2,3101148,"SANPC,CO,1000 ML X 12 VAINILLA",649,12,7788,12.725,8258.525,no
2026-01-07,L19,LINEA 19,1,3251821,"VANSH,CO,800ML WHITEX12",1284,12,15408,10.463,13434.492,no
2026-01-07,L20,LINEA 20,1,3303200,"VANSH,CO,POLVO BLANCO 100GRX24",833,24,19992,2.561,2133.313,no
2026-01-07,L22,LINEA 22,1,3162876,"SANPC,CO,VAINILLA 200ML DP",497,64,31808,14.158,7036.526,no
2026-01-07,L22,LINEA 22,2,3162876,"SANPC,CO,VAINILLA 200ML DP",636,64,40704,14.158,9004.488,no
2026-01-08,L14,LINEA 14,1,3101148,"SANPC,CO,1000 ML X 12 VAINILLA",313,12,3756,12.725,3982.925,no
2026-01-08,L14,LINEA 14,1,3101150,"SANPC,CO,450 ML X 24 VAINILLA",50,24,1200,11.856,592.8,no
2026-01-08,L14,LINEA 14,2,3101150,"SANPC,CO,450 ML X 24 VAINILLA",586,24,14064,11.856,6947.616,no
2026-01-08,L19,LINEA 19,1,3251821,"VANSH,CO,800ML WHITEX12",1014,12,12168,10.463,10609.482,no
2026-01-08,L20,LINEA 20,1,3303200,"VANSH,CO,POLVO BLANCO 100GRX24",978,24,23472,2.561,2504.658,no
2026-01-08,L22,LINEA 22,1,3162876,"SANPC,CO,VAINILLA 200ML DP",659,64,42176,14.158,9330.122,no
2026-01-08,L22,LINEA 22,2,3162876,"SANPC,CO,VAINILLA 200ML DP",601,64,38464,14.158,8508.958,no
2026-01-09,L14,LINEA 14,1,3101150,"SANPC,CO,450 ML X 24 VAINILLA",700,24,16800,11.856,8299.2,no
2026-01-09,L14,LINEA 14,2,3101150,"SANPC,CO,450 ML X 24 VAINILLA",842,24,20208,11.856,9982.752,no
2026-01-09,L19,LINEA 19,1,3251821,"VANSH,CO,800ML WHITEX12",1153,12,13836,10.463,12063.839,no
2026-01-09,L20,LINEA 20,1,3303200,"VANSH,CO,POLVO BLANCO 100GRX24",840,24,20160,2.561,2151.24,no
2026-01-09,L22,LINEA 22,1,3162876,"SANPC,CO,VAINILLA 200ML DP",573,64,36672,14.158,8112.534,no
2026-01-09,L22,LINEA 22,2,3162876,"SANPC,CO,VAINILLA 200ML DP",638,64,40832,14.158,9032.804,no
2026-01-10,L14,LINEA 14,1,3101150,"SANPC,CO,450 ML X 24 VAINILLA",222,24,5328,11.856,2632.032,no
2026-01-10,L14,LINEA 14,2,3101150,"SANPC,CO,450 ML X 24 VAINILLA",309,24,7416,11.856,3663.504,no
2026-01-10,L19,LINEA 19,1,3251821,"VANSH,CO,800ML WHITEX12",306,12,3672,10.463,3201.678,no
2026-01-10,L20,LINEA 20,1,3303200,"VANSH,CO,POLVO BLANCO 100GRX24",252,24,6048,2.561,645.372,no
2026-01-10,L22,LINEA 22,1,3162876,"SANPC,CO,VAINILLA 200ML DP",158,64,10112,14.158,2236.964,no
2026-01-10,L22,LINEA 22,2,3162876,"SANPC,CO,VAINILLA 200ML DP",201,64,12864,14.158,2845.758,no
2026-01-13,L14,LINEA 14,1,3251825,"VANSH,CO,300ML PINKX48",0,48,0,15.359,0,no
2026-01-13,L14,LINEA 14,2,3251825,"VANSH,CO,300ML PINKX48",437,48,20976,15.359,6711.883,no
2026-01-13,L18_21,LINEA 18,1,3097733,"VANSH,CR,GEL PINK 100ML CAM",0,72,0,7.896,0,no
2026-01-13,L19,LINEA 19,1,3251821,"VANSH,CO,800ML WHITEX12",1202,12,14424,10.463,12576.526,no
2026-01-13,L19,LINEA 19,2,3251821,"VANSH,CO,800ML WHITEX12",945,12,11340,10.463,9887.535,no
2026-01-13,L19,LINEA 19,2,3251822,"VANSH,CO,800ML PINKX12",0,12,0,10.463,0,no
2026-01-13,L20,LINEA 20,1,3303201,"VANSH,CO,POLVO ROSA 100GRX24",895,24,21480,2.561,2292.095,no
2026-01-13,L20,LINEA 20,2,3303201,"VANSH,CO,POLVO ROSA 100GRX24",844,24,20256,2.561,2161.484,no
2026-01-13,L22,LINEA 22,1,22,MANTENIMIENTO LINEA 22,0,,0.0,,0,si
2026-01-13,L22,LINEA 22,2,3162876,"SANPC,CO,VAINILLA 200ML DP",633,64,40512,14.158,8962.014,no
2026-01-14,L14,LINEA 14,1,3251825,"VANSH,CO,300ML PINKX48",451,48,21648,15.359,6926.909,no
2026-01-14,L14,LINEA 14,2,3251825,"VANSH,CO,300ML PINKX48",396,48,19008,15.359,6082.164,no
2026-01-14,L18_21,LINEA 18,1,3097733,"VANSH,CR,GEL PINK 100ML CAM",592,72,42624,7.896,4674.432,no
2026-01-14,L19,LINEA 19,1,3251822,"VANSH,CO,800ML PINKX12",1100,12,13200,10.463,11509.3,no
2026-01-14,L19,LINEA 19,2,3251822,"VANSH,CO,800ML PINKX12",1156,12,13872,10.463,12095.228,no
2026-01-14,L20,LINEA 20,1,3303201,"VANSH,CO,POLVO ROSA 100GRX24",955,24,22920,2.561,2445.755,no
2026-01-14,L20,LINEA 20,2,3303204,"VANSH,CO,POLVO ROSA 120GRX24",748,24,17952,3.052,2282.896,no
2026-01-14,L22,LINEA 22,1,22,MANTENIMIENTO LINEA 22,0,,0.0,,0,si
2026-01-14,L22,LINEA 22,2,3162876,"SANPC,CO,VAINILLA 200ML DP",212,64,13568,14.158,3001.496,no
2026-01-14,L22,LINEA 22,2,3162877,"SANPC,,CANELA MANZANA 200ML",305,64,19520,14.158,4318.19,no
2026-01-15,L14,LINEA 14,1,3251825,"VANSH,CO,300ML PINKX48",86,48,4128,15.359,1320.874,no
2026-01-15,L14,LINEA 14,1,3251826,"VANSH,CO,300MLX48 WHITE",286,48,13728,15.359,4392.674,no
2026-01-15,L14,LINEA 14,2,3251826,"VANSH,CO,300MLX48 WHITE",349,48,16752,15.359,5360.291,no
2026-01-15,L18_21,LINEA 18,1,3097733,"VANSH,CR,GEL PINK 100ML CAM",530,72,38160,7.896,4184.88,no
2026-01-15,L18_21,LINEA 18,2,3097733,"VANSH,CR,GEL PINK 100ML CAM",256,72,18432,7.896,2021.376,no
2026-01-15,L19,LINEA 19,1,3251822,"VANSH,CO,800ML PINKX12",1088,12,13056,10.463,11383.744,no
2026-01-15,L19,LINEA 19,2,3251822,"VANSH,CO,800ML PINKX12",1136,12,13632,10.463,11885.968,no
2026-01-15,L20,LINEA 20,1,3303108,"VANSH,AR,POLVO ROSA 120GRX24",647,24,15528,3.056,1977.232,no
2026-01-15,L20,LINEA 20,2,3303108,"VANSH,AR,POLVO ROSA 120GRX24",783,24,18792,3.056,2392.848,no
2026-01-15,L22,LINEA 22,1,3162877,"SANPC,,CANELA MANZANA 200ML",619,64,39616,14.158,8763.802,no
2026-01-15,L22,LINEA 22,2,3162877,"SANPC,,CANELA MANZANA 200ML",602,64,38528,14.158,8523.116,no
2026-01-16,L14,LINEA 14,1,3251826,"VANSH,CO,300MLX48 WHITE",353,48,16944,15.359,5421.727,no
2026-01-16,L14,LINEA 14,2,3251826,"VANSH,CO,300MLX48 WHITE",397,48,19056,15.359,6097.523,no
2026-01-16,L18_21,LINEA 18,1,3097733,"VANSH,CR,GEL PINK 100ML CAM",784,72,56448,7.896,6190.464,no
2026-01-16,L19,LINEA 19,1,3251822,"VANSH,CO,800ML PINKX12",1144,12,13728,10.463,11969.672,no
2026-01-16,L19,LINEA 19,2,3153282,"SANPC,CO,2000ML X 6 VAINILLA",0,6,0,12.851,0,no
2026-01-16,L19,LINEA 19,2,3251822,"VANSH,CO,800ML PINKX12",88,12,1056,10.463,920.744,no
2026-01-16,L20,LINEA 20,1,3303108,"VANSH,AR,POLVO ROSA 120GRX24",797,24,19128,3.056,2435.632,no
2026-01-16,L20,LINEA 20,2,3303107,"VANSH,AR,POLVO BLANCO 120GRX24",208,24,4992,2.561,532.688,no
2026-01-16,L20,LINEA 20,2,3303108,"VANSH,AR,POLVO ROSA 120GRX24",700,24,16800,3.056,2139.2,no
2026-01-16,L22,LINEA 22,1,3162877,"SANPC,,CANELA MANZANA 200ML",610,64,39040,14.158,8636.38,no
2026-01-16,L22,LINEA 22,2,3162877,"SANPC,,CANELA MANZANA 200ML",625,64,40000,14.158,8848.75,no
2026-01-17,L10_50,LINEA 10,1,3295333,VANISH WHITE GALÓN X4,0,4,0,16.66,0,no
2026-01-17,L14,LINEA 14,1,21157,"ESYOF,CO,QG NRNJ PIST 500MLX12",600,12,7200,6.579,3947.4,no
2026-01-17,L14,LINEA 14,2,21138,"ESYOF,CO,QTG,DP,LIM,EXP,500ML",520,12,6240,6.559,3410.68,no
2026-01-17,L14,LINEA 14,2,21157,"ESYOF,CO,QG NRNJ PIST 500MLX12",788,12,9456,6.579,5184.252,no
2026-01-17,L16,LINEA 16,1,3303199,VANISH POL PINK SAC 144X30GM,0,144,0,4.9,0,no
2026-01-17,L18_21,LINEA 18,1,3097733,"VANSH,CR,GEL PINK 100ML CAM",895,72,64440,7.896,7066.92,no
2026-01-17,L19,LINEA 19,1,3153282,"SANPC,CO,2000ML X 6 VAINILLA",530,6,3180,12.851,6811.03,no
2026-01-17,L19,LINEA 19,2,3153282,"SANPC,CO,2000ML X 6 VAINILLA",1223,6,7338,12.851,15716.773,no
2026-01-17,L20,LINEA 20,1,3303107,"VANSH,AR,POLVO BLANCO 120GRX24",753,24,18072,2.561,1928.433,no
2026-01-17,L20,LINEA 20,2,3303107,"VANSH,AR,POLVO BLANCO 120GRX24",532,24,12768,2.561,1362.452,no
2026-01-17,L22,LINEA 22,1,3119847,"SANPC,CO,200MLX64LAVSNPC",178,64,11392,14.158,2520.124,no
2026-01-17,L22,LINEA 22,1,3162877,"SANPC,,CANELA MANZANA 200ML",259,64,16576,14.158,3666.922,no
2026-01-17,L22,LINEA 22,2,3119847,"SANPC,CO,200MLX64LAVSNPC",495,64,31680,14.158,7008.21,no
2026-01-18,L14,LINEA 14,3,21138,"ESYOF,CO,QTG,DP,LIM,EXP,500ML",0,12,0,6.559,0,no
2026-01-19,L10_50,LINEA 10,1,10,MANTENIMIENTO LINEA 10,0,,0.0,,0,si
2026-01-19,L10_50,LINEA 10,2,3295333,VANISH WHITE GALÓN X4,231,4,924,16.66,3848.46,no
2026-01-19,L14,LINEA 14,1,21138,"ESYOF,CO,QTG,DP,LIM,EXP,500ML",1602,12,19224,6.559,10507.518,no
2026-01-19,L16,LINEA 16,1,3303199,VANISH POL PINK SAC 144X30GM,286,144,41184,4.9,1401.4,no
2026-01-19,L18_21,LINEA 18,1,3065105,"VANSH,CO,100MLX72 PINK GOLD",910,72,65520,8.133,7401.03,no
2026-01-19,L19,LINEA 19,1,3153282,"SANPC,CO,2000ML X 6 VAINILLA",128,6,768,12.851,1644.928,no
2026-01-19,L19,LINEA 19,1,3153284,"SANPC,CO,2000ML X 6 CAN MANZ",841,6,5046,12.851,10807.691,no
2026-01-19,L19,LINEA 19,1,3252557,"VANSH,CO,1800ML WHITE X6 DP",0,6,0,11.852,0,no
2026-01-19,L20,LINEA 20,1,3303107,"VANSH,AR,POLVO BLANCO 120GRX24",734,24,17616,2.561,1879.774,no
2026-01-19,L20,LINEA 20,2,3303107,"VANSH,AR,POLVO BLANCO 120GRX24",865,24,20760,2.561,2215.265,no
2026-01-19,L22,LINEA 22,1,3119847,"SANPC,CO,200MLX64LAVSNPC",594,64,38016,14.158,8409.852,no
2026-01-19,L22,LINEA 22,2,3119847,"SANPC,CO,200MLX64LAVSNPC",624,64,39936,14.158,8834.592,no
2026-01-20,L10_50,LINEA 10,1,10,VANISH WHITE GALÓN X4,0,,0.0,,0,no
2026-01-20,L10_50,LINEA 10,2,3295333,VANISH WHITE GALÓN X4,707,4,2828,16.66,11778.62,no
2026-01-20,L14,LINEA 14,1,21138,"ESYOF,CO,QTG,DP,LIM,EXP,500ML",673,12,8076,6.559,4414.207,no
2026-01-20,L14,LINEA 14,1,21166,"ESYOF,CO,CRIS,REG,DP,500ML",739,12,8868,6.529,4824.931,no
2026-01-20,L16,LINEA 16,1,3303199,VANISH POL PINK SAC 144X30GM,474,144,68256,4.9,2322.6,no
2026-01-20,L18_21,LINEA 18,1,3065105,"VANSH,CO,100MLX72 PINK GOLD",870,72,62640,8.133,7075.71,no
2026-01-20,L19,LINEA 19,1,3252557,"VANSH,CO,1800ML WHITE X6 DP",1395,6,8370,11.852,16533.54,no
2026-01-20,L20,LINEA 20,1,3303107,"VANSH,AR,POLVO BLANCO 120GRX24",848,24,20352,2.561,2171.728,no
2026-01-20,L20,LINEA 20,2,3303107,"VANSH,AR,POLVO BLANCO 120GRX24",570,24,13680,2.561,1459.77,no
2026-01-20,L20,LINEA 20,2,3303246,"VANSH,CO,POLVO BLANCO 120GRX24",292,24,7008,2.561,747.812,no
2026-01-20,L22,LINEA 22,1,3119847,"SANPC,CO,200MLX64LAVSNPC",403,64,25792,14.158,5705.674,no
2026-01-20,L22,LINEA 22,1,3251827,"VANSH,CO,130 ML WHITE X64",66,64,4224,9.891,652.806,no
2026-01-20,L22,LINEA 22,2,3251827,"VANSH,CO,130 ML WHITE X64",536,64,34304,9.891,5301.576,no
2026-01-21,L10_50,LINEA 10,1,3295333,VANISH WHITE GALÓN X4,1062,4,4248,16.66,17692.92,no
2026-01-21,L10_50,LINEA 10,2,3295332,VANISH PINK GALON X4,203,4,812,16.66,3381.98,no
2026-01-21,L10_50,LINEA 10,2,3295333,VANISH WHITE GALÓN X4,1399,4,5596,16.66,23307.34,no
2026-01-21,L14,LINEA 14,1,20382,"MANSN,CO,DOYPACK TCOLOR500ML",0,24,0,13.196,0,no
2026-01-21,L14,LINEA 14,1,21166,"ESYOF,CO,CRIS,REG,DP,500ML",707,12,8484,6.529,4616.003,no
2026-01-21,L16,LINEA 16,1,3303199,VANISH POL PINK SAC 144X30GM,143,144,20592,4.9,700.7,no
2026-01-21,L16,LINEA 16,1,3303202,"VANSH,CO,POLVO BLANCO 30GRX144",252,144,36288,4.9,1234.8,no
2026-01-21,L18_21,LINEA 18,1,3065104,"VANSH,CO,100MLX72 WHITE GOLD",610,72,43920,8.134,4961.74,no
2026-01-21,L18_21,LINEA 18,1,3065105,"VANSH,CO,100MLX72 PINK GOLD",77,72,5544,8.133,626.241,no
2026-01-21,L19,LINEA 19,1,3252557,"VANSH,CO,1800ML WHITE X6 DP",1460,6,8760,11.852,17303.92,no
2026-01-21,L20,LINEA 20,1,3303237,"VANSH,CO,POLVO BLANCO 240GRX12",343,12,4116,3.049,1045.807,no
2026-01-21,L20,LINEA 20,1,3303246,"VANSH,CO,POLVO BLANCO 120GRX24",456,24,10944,2.561,1167.816,no
2026-01-21,L20,LINEA 20,2,3303237,"VANSH,CO,POLVO BLANCO 240GRX12",1626,12,19512,3.049,4957.674,no
2026-01-21,L22,LINEA 22,1,3251827,"VANSH,CO,130 ML WHITE X64",440,64,28160,9.891,4352.04,no
2026-01-21,L22,LINEA 22,2,3251827,"VANSH,CO,130 ML WHITE X64",641,64,41024,9.891,6340.131,no
2026-01-22,L10_50,LINEA 10,2,3295332,VANISH PINK GALON X4,1890,4,7560,16.66,31487.4,no
2026-01-22,L14,LINEA 14,1,20382,"MANSN,CO,DOYPACK TCOLOR500ML",139,24,3336,13.196,1834.244,no
2026-01-22,L16,LINEA 16,1,3303202,"VANSH,CO,POLVO BLANCO 30GRX144",484,144,69696,4.9,2371.6,no
2026-01-22,L18_21,LINEA 18,1,3065104,"VANSH,CO,100MLX72 WHITE GOLD",624,72,44928,8.134,5075.616,no
2026-01-22,L18_21,LINEA 18,1,3097734,"VANSH,CR,GEL BLANCO 100ML CAM",210,72,15120,8.163,1714.23,no
2026-01-22,L19,LINEA 19,1,3252557,"VANSH,CO,1800ML WHITE X6 DP",1240,6,7440,11.852,14696.48,no
2026-01-22,L19,LINEA 19,1,3282079,"VANSH,CO, 1800ML BLANCO X6 DP",84,6,504,11.852,995.568,no
2026-01-22,L20,LINEA 20,1,3303237,"VANSH,CO,POLVO BLANCO 240GRX12",1535,12,18420,3.049,4680.215,no
2026-01-22,L20,LINEA 20,2,3303236,"VANSH,CO,POLVO ROSA 240GRX12",1314,12,15768,3.049,4006.386,no
2026-01-22,L20,LINEA 20,2,3303237,"VANSH,CO,POLVO BLANCO 240GRX12",219,12,2628,3.049,667.731,no
2026-01-22,L22,LINEA 22,1,3251827,"VANSH,CO,130 ML WHITE X64",580,64,37120,9.891,5736.78,no
2026-01-22,L22,LINEA 22,2,3251827,"VANSH,CO,130 ML WHITE X64",375,64,24000,9.891,3709.125,no
2026-01-22,L22,LINEA 22,2,3251828,"VANSH,CO,130 ML PINK X64",200,64,12800,9.891,1978.2,no
2026-01-23,L10_50,LINEA 10,2,3058100,"LYSOL,CR,LAVENDER GALLON X 4",0,4,0,15.936,0,no
2026-01-23,L10_50,LINEA 10,2,3295332,VANISH PINK GALON X4,1306,4,5224,16.66,21757.96,no
2026-01-23,L14,LINEA 14,1,20382,"MANSN,CO,DOYPACK TCOLOR500ML",288,24,6912,13.196,3800.448,no
2026-01-23,L14,LINEA 14,1,3058645,"SANPC,CO,HERBAL DP 445 ML",0,24,0,11.631,0,no
2026-01-23,L16,LINEA 16,1,3303202,"VANSH,CO,POLVO BLANCO 30GRX144",513,144,73872,4.9,2513.7,no
2026-01-23,L18_21,LINEA 18,1,3097734,"VANSH,CR,GEL BLANCO 100ML CAM",1046,72,75312,8.163,8538.498,no
2026-01-23,L19,LINEA 19,1,3282079,"VANSH,CO, 1800ML BLANCO X6 DP",1608,6,9648,11.852,19058.016,no
2026-01-23,L20,LINEA 20,1,3303236,"VANSH,CO,POLVO ROSA 240GRX12",930,12,11160,3.049,2835.57,no
2026-01-23,L20,LINEA 20,1,3303238,"VANSH,CO,ROSA DP 450GRX12",0,12,0,5.831,0,no
2026-01-23,L20,LINEA 20,2,3303238,"VANSH,CO,ROSA DP 450GRX12",666,12,7992,5.831,3883.446,no
2026-01-23,L22,LINEA 22,1,3251828,"VANSH,CO,130 ML PINK X64",600,64,38400,9.891,5934.6,no
2026-01-23,L22,LINEA 22,2,3251828,"VANSH,CO,130 ML PINK X64",617,64,39488,9.891,6102.747,no
2026-01-24,L10_50,LINEA 10,2,3058100,"LYSOL,CR,LAVENDER GALLON X 4",986,4,3944,15.936,15712.896,no
2026-01-24,L14,LINEA 14,1,3058645,"SANPC,CO,HERBAL DP 445 ML",595,24,14280,11.631,6920.445,no
2026-01-24,L16,LINEA 16,1,3303202,"VANSH,CO,POLVO BLANCO 30GRX144",189,144,27216,4.9,926.1,no
2026-01-24,L18_21,LINEA 18,1,3097734,"VANSH,CR,GEL BLANCO 100ML CAM",921,72,66312,8.163,7518.123,no
2026-01-24,L19,LINEA 19,1,3282079,"VANSH,CO, 1800ML BLANCO X6 DP",1232,6,7392,11.852,14601.664,no
2026-01-24,L20,LINEA 20,1,3303238,"VANSH,CO,ROSA DP 450GRX12",957,12,11484,5.831,5580.267,no
2026-01-24,L20,LINEA 20,2,3303239,"VANSH,CO,BLANCO DP 450GRX12",848,12,10176,5.831,4944.688,no
2026-01-24,L22,LINEA 22,1,3251828,"VANSH,CO,130 ML PINK X64",546,64,34944,9.891,5400.486,no
2026-01-24,L22,LINEA 22,2,3251828,"VANSH,CO,130 ML PINK X64",490,64,31360,9.891,4846.59,no
2026-01-26,L10_50,LINEA 10,2,3058100,"LYSOL,CR,LAVENDER GALLON X 4",127,4,508,15.936,2023.872,no
2026-01-26,L10_50,LINEA 10,2,3058649,"LYSOL,CO,CITRUS GALON",1006,4,4024,15.936,16031.616,no
2026-01-26,L10_50,LINEA 10,2,3101144,"SANPC,CO,5 L X 3 C&M",0,3,0,16.023,0,no
2026-01-26,L14,LINEA 14,1,14,MANTENIMIENTO LINEA 14,0,,0.0,,0,si
2026-01-26,L14,LINEA 14,1,3058645,"SANPC,CO,HERBAL DP 445 ML",127,24,3048,11.631,1477.137,no
2026-01-26,L14,LINEA 14,2,3159499,"MANSN,CO,DP MB 800ML X 12",248,12,2976,10.413,2582.424,no
2026-01-26,L18_21,LINEA 18,2,3097734,"VANSH,CR,GEL BLANCO 100ML CAM",936,72,67392,8.163,7640.568,no
2026-01-26,L19,LINEA 19,1,3282078,"VANSH,CO,VANISH PINK 1.8LX6 DP",558,6,3348,11.852,6613.416,no
2026-01-26,L19,LINEA 19,1,3282079,"VANSH,CO, 1800ML BLANCO X6 DP",990,6,5940,11.852,11733.48,no
2026-01-26,L20,LINEA 20,1,3303239,"VANSH,CO,BLANCO DP 450GRX12",1312,12,15744,5.831,7650.272,no
2026-01-26,L20,LINEA 20,2,3303239,"VANSH,CO,BLANCO DP 450GRX12",1242,12,14904,5.831,7242.102,no
2026-01-26,L22,LINEA 22,1,3251828,"VANSH,CO,130 ML PINK X64",130,64,8320,9.891,1285.83,no
2026-01-26,L22,LINEA 22,2,3251823,"VANSH,CO,450ML PINKX24",487,24,11688,11.925,5807.475,no
2026-01-27,L10_50,LINEA 10,2,3101144,"SANPC,CO,5 L X 3 C&M",970,3,2910,16.023,15542.31,no
2026-01-27,L10_50,LINEA 10,2,3331346,"SANPC,CO,OASIS DE LAVANDA 5L",249,3,747,16.023,3989.727,no
2026-01-27,L14,LINEA 14,1,14,MANTENIMIENTO LINEA 14,0,,0.0,,0,si
2026-01-27,L14,LINEA 14,2,3159499,"MANSN,CO,DP MB 800ML X 12",13,12,156,10.413,135.369,no
2026-01-27,L14,LINEA 14,2,3159500,"MANSN,CO,DP BI 800ML X 12",480,12,5760,10.383,4983.84,no
2026-01-27,L19,LINEA 19,1,3282078,"VANSH,CO,VANISH PINK 1.8LX6 DP",1275,6,7650,11.852,15111.3,no
2026-01-27,L20,LINEA 20,1,3303075,"VANSH,AR,BLANCO DP 450GRX12",1073,12,12876,5.831,6256.663,no
2026-01-27,L20,LINEA 20,1,3303239,"VANSH,CO,BLANCO DP 450GRX12",189,12,2268,5.831,1102.059,no
2026-01-27,L20,LINEA 20,2,3303075,"VANSH,AR,BLANCO DP 450GRX12",1254,12,15048,5.831,7312.074,no
2026-01-27,L22,LINEA 22,1,3251823,"VANSH,CO,450ML PINKX24",1240,24,29760,11.925,14787,no
2026-01-27,L22,LINEA 22,2,3251823,"VANSH,CO,450ML PINKX24",1259,24,30216,11.925,15013.575,no
2026-01-28,L10_50,LINEA 10,2,3331346,"SANPC,CO,OASIS DE LAVANDA 5L",1717,3,5151,16.023,27511.491,no
2026-01-28,L14,LINEA 14,1,3159497,"MANSN,CO,DP MADE 800ML X 12",0,12,0,10.343,0,no
2026-01-28,L14,LINEA 14,1,3159500,"MANSN,CO,DP BI 800ML X 12",880,12,10560,10.383,9137.04,no
2026-01-28,L14,LINEA 14,2,3159497,"MANSN,CO,DP MADE 800ML X 12",273,12,3276,10.343,2823.639,no
2026-01-28,L14,LINEA 14,2,3206376,"WLITE,CO,900ML X 12 BEBE",110,12,1320,11.838,1302.18,no
2026-01-28,L18_21,LINEA 18,1,18,MANTENIMIENTO LINEA 18,0,,0.0,,0,si
2026-01-28,L19,LINEA 19,1,19,MANTENIMIENTO LINEA 19,0,,0.0,,0,si
2026-01-28,L20,LINEA 20,1,3303075,"VANSH,AR,BLANCO DP 450GRX12",913,12,10956,5.831,5323.703,no
2026-01-28,L20,LINEA 20,2,3303243,"VANSH,CO,POLVO BLANCO 850GRX6",1122,6,6732,5.495,6165.39,no
2026-01-28,L22,LINEA 22,1,3251823,"VANSH,CO,450ML PINKX24",918,24,22032,11.925,10947.15,no
2026-01-28,L22,LINEA 22,1,3251824,"VANSH,CO,450ML WHITEX24",209,24,5016,11.925,2492.325,no
2026-01-28,L22,LINEA 22,2,3251824,"VANSH,CO,450ML WHITEX24",1382,24,33168,11.925,16480.35,no
2026-01-29,L10_50,LINEA 10,1,3253791,"VANSH,CO,GALONX4 WHITE",0.0,4,0,16.66,0,no
2026-01-29,L14,LINEA 14,1,3206376,"WLITE,CO,900ML X 12 BEBE",995,12,11940,11.838,11778.81,no
2026-01-29,L14,LINEA 14,2,3059366,"LYSOL,CO,CITRUS DP 800 ML",0,12,0,10.338,0,no
2026-01-29,L14,LINEA 14,2,3206376,"WLITE,CO,900ML X 12 BEBE",759,12,9108,11.838,8985.042,no
2026-01-29,L19,LINEA 19,1,19,MANTENIMIENTO LINEA 19,0,,0.0,,0,si
2026-01-29,L19,LINEA 19,2,3252560,"VANSH,CO,1800ML PINKX6 DP",1125,6,6750,11.852,13333.5,no
2026-01-29,L19,LINEA 19,2,3282078,"VANSH,CO,VANISH PINK 1.8LX6 DP",183,6,1098,11.852,2168.916,no
2026-01-29,L20,LINEA 20,1,3303242,"VANSH,CO,POLVO ROSA 850GRX6",1082,6,6492,5.495,5945.59,no
2026-01-29,L20,LINEA 20,1,3303243,"VANSH,CO,POLVO BLANCO 850GRX6",163,6,978,5.495,895.685,no
2026-01-29,L20,LINEA 20,2,3276519,"FINSH,CO,POWDER DP 1KGX8",0,8,0,8.875,0,no
2026-01-29,L20,LINEA 20,2,3303242,"VANSH,CO,POLVO ROSA 850GRX6",641,6,3846,5.495,3522.295,no
2026-01-29,L22,LINEA 22,1,3251824,"VANSH,CO,450ML WHITEX24",1370,24,32880,11.925,16337.25,no
2026-01-29,L22,LINEA 22,2,3251824,"VANSH,CO,450ML WHITEX24",1139,24,27336,11.925,13582.575,no
2026-01-30,L10_50,LINEA 10,1,10,MANTENIMIENTO LINEA 10,0,,0.0,,0,si
2026-01-30,L14,LINEA 14,1,3059366,"LYSOL,CO,CITRUS DP 800 ML",939,12,11268,10.338,9707.382,no
2026-01-30,L14,LINEA 14,2,3059366,"LYSOL,CO,CITRUS DP 800 ML",727,12,8724,10.338,7515.726,no
2026-01-30,L18_21,LINEA 18,2,3065104,"VANSH,CO,100MLX72 WHITE GOLD",0,72,0,8.134,0,no
2026-01-30,L19,LINEA 19,1,3252560,"VANSH,CO,1800ML PINKX6 DP",1475,6,8850,11.852,17481.7,no
2026-01-30,L19,LINEA 19,2,3252557,"VANSH,CO,1800ML WHITE X6 DP",898,6,5388,11.852,10643.096,no
2026-01-30,L19,LINEA 19,2,3252560,"VANSH,CO,1800ML PINKX6 DP",397,6,2382,11.852,4705.244,no
2026-01-30,L20,LINEA 20,1,3276519,"FINSH,CO,POWDER DP 1KGX8",1358,8,10864,8.875,12052.25,no
2026-01-30,L20,LINEA 20,2,3276519,"FINSH,CO,POWDER DP 1KGX8",1684,8,13472,8.875,14945.5,no
2026-01-30,L22,LINEA 22,1,3251824,"VANSH,CO,450ML WHITEX24",1021,24,24504,11.925,12175.425,no
2026-02-02,L14,LINEA 14,1,3251825,"VANSH,CO,300ML PINKX48",248,48,11904,15.359,3809.032,no
2026-02-02,L16,LINEA 16,1,3303202,"VANSH,CO,POLVO BLANCO 30GRX144",412,144,59328,4.9,2018.8,no
2026-02-02,L18_21,LINEA 18,1,3065104,"VANSH,CO,100MLX72 WHITE GOLD",612,72,44064,8.134,4978.008,no
2026-02-02,L18_21,LINEA 18,1,3065104,"VANSH,CO,100MLX72 WHITE GOLD",174,72,12528,8.134,1415.316,no
2026-02-02,L19,LINEA 19,2,3252557,"VANSH,CO,1800ML WHITE X6 DP",1350,6,8100,11.852,16000.2,no
2026-02-02,L20,LINEA 20,1,20,MANTENIMIENTO LINEA 20,0,,0.0,,0,si
2026-02-02,L22,LINEA 22,1,3251824,"VANSH,CO,450ML WHITEX24",1325,24,31800,11.925,15800.625,no
2026-02-02,L22,LINEA 22,2,3251824,"VANSH,CO,450ML WHITEX24",1411,24,33864,11.925,16826.175,no
2026-02-03,L14,LINEA 14,1,3251825,"VANSH,CO,300ML PINKX48",471,48,22608,15.359,7234.089,no
2026-02-03,L16,LINEA 16,1,3303202,"VANSH,CO,POLVO BLANCO 30GRX144",64,144,9216,4.9,313.6,no
2026-02-03,L16,LINEA 16,1,3303202,"VANSH,CO,POLVO BLANCO 30GRX144",365,144,52560,4.9,1788.5,no
2026-02-03,L18_21,LINEA 18,2,3065104,"VANSH,CO,100MLX72 WHITE GOLD",1057,72,76104,8.134,8597.638,no
2026-02-03,L19,LINEA 19,2,3252557,"VANSH,CO,1800ML WHITE X6 DP",769,6,4614,11.852,9114.188,no
2026-02-03,L19,LINEA 19,2,3252560,"VANSH,CO,1800ML PINKX6 DP",750,6,4500,11.852,8889,no
2026-02-03,L20,LINEA 20,1,20,MANTENIMIENTO LINEA 20,0,,0.0,,0,si
2026-02-03,L22,LINEA 22,1,3251823,"VANSH,CO,450ML PINKX24",860,24,20640,11.925,10255.5,no
2026-02-03,L22,LINEA 22,1,3251824,"VANSH,CO,450ML WHITEX24",390,24,9360,11.925,4650.75,no
2026-02-03,L22,LINEA 22,2,3251823,"VANSH,CO,450ML PINKX24",1271,24,30504,11.925,15156.675,no
2026-02-04,L10_50,LINEA 10,2,3102524,"SANPC,CO,5 L X 3 VAINILLA",372,3,1116,16.023,5960.556,no
2026-02-04,L14,LINEA 14,1,3251825,"VANSH,CO,300ML PINKX48",441,48,21168,15.359,6773.319,no
2026-02-04,L16,LINEA 16,1,3303202,"VANSH,CO,POLVO BLANCO 30GRX144",513,144,73872,4.9,2513.7,no
2026-02-04,L16,LINEA 16,2,3303202,"VANSH,CO,POLVO BLANCO 30GRX144",330,144,47520,4.9,1617.0,no
2026-02-04,L18_21,LINEA 18,2,3065104,"VANSH,CO,100MLX72 WHITE GOLD",639,72,46008,8.134,5197.626,no
2026-02-04,L18_21,LINEA 18,2,3097734,"VANSH,CR,GEL BLANCO 100ML CAM",141,72,10152,8.163,1150.983,no
2026-02-04,L19,LINEA 19,1,3252560,"VANSH,CO,1800ML PINKX6 DP",1258,6,7548,11.852,14909.816,no
2026-02-04,L20,LINEA 20,1,20,MANTENIMIENTO LINEA 20,0,,0.0,,0,si
2026-02-04,L22,LINEA 22,1,3162876,"SANPC,CO,VAINILLA 200ML DP",0,64,0,14.158,0,no
2026-02-04,L22,LINEA 22,1,3251823,"VANSH,CO,450ML PINKX24",885,24,21240,11.925,10553.625,no
2026-02-04,L22,LINEA 22,2,3162876,"SANPC,CO,VAINILLA 200ML DP",383,64,24512,14.158,5422.514,no
2026-02-05,L10_50,LINEA 10,1,3102524,"SANPC,CO,5 L X 3 VAINILLA",1149,3,3447,16.023,18410.427,no
2026-02-05,L10_50,LINEA 10,2,3102524,"SANPC,CO,5 L X 3 VAINILLA",1919,3,5757,16.023,30748.137,no
2026-02-05,L14,LINEA 14,1,3251825,"VANSH,CO,300ML PINKX48",242,48,11616,15.359,3716.878,no
2026-02-05,L14,LINEA 14,1,3251826,"VANSH,CO,300MLX48 WHITE",144,48,6912,15.359,2211.696,no
2026-02-05,L14,LINEA 14,2,3251826,"VANSH,CO,300MLX48 WHITE",428,48,20544,15.359,6573.652,no
2026-02-05,L16,LINEA 16,1,3303202,"VANSH,CO,POLVO BLANCO 30GRX144",523,144,75312,4.9,2562.7,no
2026-02-05,L18_21,LINEA 18,2,3097734,"VANSH,CR,GEL BLANCO 100ML CAM",986,72,70992,8.163,8048.718,no
2026-02-05,L20,LINEA 20,1,20,MANTENIMIENTO LINEA 20,0,,0.0,,0,si
2026-02-05,L22,LINEA 22,1,3162876,"SANPC,CO,VAINILLA 200ML DP",644,64,41216,14.158,9117.752,no
2026-02-05,L22,LINEA 22,2,3162876,"SANPC,CO,VAINILLA 200ML DP",472,64,30208,14.158,6682.576,no
2026-02-06,L10_50,LINEA 10,1,3102524,"SANPC,CO,5 L X 3 VAINILLA",1232,3,3696,16.023,19740.336,no
2026-02-06,L10_50,LINEA 10,2,3102524,"SANPC,CO,5 L X 3 VAINILLA",272,3,816,16.023,4358.256,no
2026-02-06,L10_50,LINEA 10,2,3245286,"SANPC,CO,SANPIC VAINILLA 3L X4",799,4,3196,12.806,10231.994,no
2026-02-06,L14,LINEA 14,1,3251826,"VANSH,CO,300MLX48 WHITE",424,48,20352,15.359,6512.216,no
2026-02-06,L14,LINEA 14,2,3251826,"VANSH,CO,300MLX48 WHITE",392,48,18816,15.359,6020.728,no
2026-02-06,L16,LINEA 16,1,3303202,"VANSH,CO,POLVO BLANCO 30GRX144",530,144,76320,4.9,2597,no
2026-02-06,L18_21,LINEA 18,2,3097734,"VANSH,CR,GEL BLANCO 100ML CAM",1021,72,73512,8.163,8334.423,no
2026-02-06,L20,LINEA 20,1,20,MANTENIMIENTO LINEA 20,0,,0.0,,0,si
2026-02-06,L22,LINEA 22,1,3119847,"SANPC,CO,200MLX64LAVSNPC",593,64,37952,14.158,8395.694,no
2026-02-06,L22,LINEA 22,2,3119847,"SANPC,CO,200MLX64LAVSNPC",559,64,35776,14.158,7914.322,no
2026-02-07,L10_50,LINEA 10,1,3245286,"SANPC,CO,SANPIC VAINILLA 3L X4",722,4,2888,12.806,9245.932,no
2026-02-07,L10_50,LINEA 10,2,3245286,"SANPC,CO,SANPIC VAINILLA 3L X4",1032,4,4128,12.806,13215.792,no
2026-02-07,L14,LINEA 14,1,3251825,"VANSH,CO,300ML PINKX48",353,48,16944,15.359,5421.727,no
2026-02-07,L14,LINEA 14,2,3251825,"VANSH,CO,300ML PINKX48",318,48,15264,15.359,4884.162,no
2026-02-07,L16,LINEA 16,1,3303199,VANISH POL PINK SAC 144X30GM,159,144,22896,4.9,779.1,no
2026-02-07,L16,LINEA 16,1,3303202,"VANSH,CO,POLVO BLANCO 30GRX144",234,144,33696,4.9,1146.6,no
2026-02-07,L18_21,LINEA 18,2,3097734,"VANSH,CR,GEL BLANCO 100ML CAM",753,72,54216,8.163,6146.739,no
2026-02-07,L20,LINEA 20,1,20,MANTENIMIENTO LINEA 20,0.0,,0.0,,0,si
2026-02-07,L20,LINEA 20,1,20,MANTENIMIENTO LINEA 20,0,,0.0,,0,si
2026-02-07,L22,LINEA 22,1,3119847,"SANPC,CO,200MLX64LAVSNPC",410,64,26240,14.158,5804.78,no
2026-02-07,L22,LINEA 22,2,3119847,"SANPC,CO,200MLX64LAVSNPC",410,64,26240,14.158,5804.78,no
2026-02-09,L14,LINEA 14,1,3251826,"VANSH,CO,300MLX48 WHITE",416,48,19968,15.359,6389.344,no
2026-02-09,L14,LINEA 14,2,3251825,"VANSH,CO,300ML PINKX48",426,48,20448,15.359,6542.934,no
2026-02-09,L18_21,LINEA 18,1,3097734,"VANSH,CR,GEL BLANCO 100ML CAM",1019,72,73368,8.163,8318.097,no
2026-02-09,L19,LINEA 19,1,3252560,"VANSH,CO,1800ML PINKX6 DP",934,6,5604,11.852,11069.768,no
2026-02-09,L19,LINEA 19,2,3252560,"VANSH,CO,1800ML PINKX6 DP",1216,6,7296,11.852,14412.032,no
2026-02-09,L20,LINEA 20,1,3303243,"VANSH,CO,POLVO BLANCO 850GRX6",400,6,2400,5.495,2198,no
2026-02-09,L20,LINEA 20,2,3303243,"VANSH,CO,POLVO BLANCO 850GRX6",318,6,1908,5.495,1747.41,no
2026-02-09,L22,LINEA 22,1,3119847,"SANPC,CO,200MLX64LAVSNPC",432,64,27648,14.158,6116.256,no
2026-02-09,L22,LINEA 22,1,3251828,"VANSH,CO,130 ML PINK X64",0,64,0,9.891,0,no
2026-02-10,L10_50,LINEA 10,2,3295335,WOOLITE P&C GALÓN X4,0,4,0,16.66,0,no
2026-02-10,L14,LINEA 14,1,3251825,"VANSH,CO,300ML PINKX48",424,48,20352,15.359,6512.216,no
2026-02-10,L14,LINEA 14,2,3251825,"VANSH,CO,300ML PINKX48",462,48,22176,15.359,7095.858,no
2026-02-10,L18_21,LINEA 18,1,3097734,"VANSH,CR,GEL BLANCO 100ML CAM",1011,72,72792,8.163,8252.793,no
2026-02-10,L19,LINEA 19,1,3252560,"VANSH,CO,1800ML PINKX6 DP",882,6,5292,11.852,10453.464,no
2026-02-10,L19,LINEA 19,1,3282078,"VANSH,CO,VANISH PINK 1.8LX6 DP",396,6,2376,11.852,4693.392,no
2026-02-10,L19,LINEA 19,2,3282078,"VANSH,CO,VANISH PINK 1.8LX6 DP",1872,6,11232,11.852,22186.944,no
2026-02-10,L20,LINEA 20,1,3303243,"VANSH,CO,POLVO BLANCO 850GRX6",766,6,4596,5.495,4209.17,no
2026-02-10,L20,LINEA 20,2,3303109,"VANSH,AR,POLVO BLANCO 850GRX6",97,6,582,5.495,533.015,no
2026-02-10,L20,LINEA 20,2,3303243,"VANSH,CO,POLVO BLANCO 850GRX6",1474,6,8844,5.495,8099.63,no
2026-02-10,L22,LINEA 22,1,3251828,"VANSH,CO,130 ML PINK X64",593,64,37952,9.891,5865.363,no
2026-02-11,L10_50,LINEA 10,2,3295335,WOOLITE P&C GALÓN X4,243,4,972,16.66,4048.38,no
2026-02-11,L14,LINEA 14,1,3251825,"VANSH,CO,300ML PINKX48",324,48,15552,15.359,4976.316,no
2026-02-11,L14,LINEA 14,2,3251825,"VANSH,CO,300ML PINKX48",70,48,3360,15.359,1075.13,no
2026-02-11,L14,LINEA 14,2,3251826,"VANSH,CO,300MLX48 WHITE",271,48,13008,15.359,4162.289,no
2026-02-11,L18_21,LINEA 18,1,3097733,"VANSH,CR,GEL PINK 100ML CAM",824,72,59328,7.896,6506.304,no
2026-02-11,L18_21,LINEA 18,1,3097734,"VANSH,CR,GEL BLANCO 100ML CAM",48,72,3456,8.163,391.824,no
2026-02-11,L19,LINEA 19,1,3282078,"VANSH,CO,VANISH PINK 1.8LX6 DP",1414,6,8484,11.852,16758.728,no
2026-02-11,L19,LINEA 19,2,3282078,"VANSH,CO,VANISH PINK 1.8LX6 DP",1352,6,8112,11.852,16023.904,no
2026-02-11,L20,LINEA 20,1,3303109,"VANSH,AR,POLVO BLANCO 850GRX6",1775,6,10650,5.495,9753.625,no
2026-02-11,L20,LINEA 20,2,3303075,"VANSH,AR,BLANCO DP 450GRX12",0,12,0,5.831,0,no
2026-02-11,L20,LINEA 20,2,3303109,"VANSH,AR,POLVO BLANCO 850GRX6",1494,6,8964,5.495,8209.53,no
2026-02-11,L22,LINEA 22,1,3251828,"VANSH,CO,130 ML PINK X64",570,64,36480,9.891,5637.87,no
2026-02-12,L10_50,LINEA 10,1,3295335,WOOLITE P&C GALÓN X4,1285,4,5140,16.66,21408.1,no
2026-02-12,L10_50,LINEA 10,2,3295334,WOOLITE BLACK GALÓN X4,1338,4,5352,16.66,22291.08,no
2026-02-12,L10_50,LINEA 10,2,3295335,WOOLITE P&C GALÓN X4,310,4,1240,16.66,5164.6,no
2026-02-12,L14,LINEA 14,1,3251826,"VANSH,CO,300MLX48 WHITE",366,48,17568,15.359,5621.394,no
2026-02-12,L14,LINEA 14,2,3251826,"VANSH,CO,300MLX48 WHITE",459,48,22032,15.359,7049.781,no
2026-02-12,L18_21,LINEA 18,1,3097733,"VANSH,CR,GEL PINK 100ML CAM",892,72,64224,7.896,7043.232,no
2026-02-12,L19,LINEA 19,1,3282079,"VANSH,CO, 1800ML BLANCO X6 DP",1000,6,6000,11.852,11852,no
2026-02-12,L19,LINEA 19,2,3282079,"VANSH,CO, 1800ML BLANCO X6 DP",1124,6,6744,11.852,13321.648,no
2026-02-12,L20,LINEA 20,1,3303075,"VANSH,AR,BLANCO DP 450GRX12",880,12,10560,5.831,5131.28,no
2026-02-12,L20,LINEA 20,2,3303075,"VANSH,AR,BLANCO DP 450GRX12",740,12,8880,5.831,4314.94,no
2026-02-12,L20,LINEA 20,2,3303239,"VANSH,CO,BLANCO DP 450GRX12",525,12,6300,5.831,3061.275,no
2026-02-12,L22,LINEA 22,1,3251828,"VANSH,CO,130 ML PINK X64",491,64,31424,9.891,4856.481,no
2026-02-13,L10_50,LINEA 10,1,3295332,VANISH PINK GALON X4,0,4,0,16.66,0,no
2026-02-13,L10_50,LINEA 10,1,3295334,WOOLITE BLACK GALÓN X4,921,4,3684,16.66,15343.86,no
2026-02-13,L10_50,LINEA 10,2,3295332,VANISH PINK GALON X4,1576,4,6304,16.66,26256.16,no
2026-02-13,L14,LINEA 14,1,3251826,"VANSH,CO,300MLX48 WHITE",468,48,22464,15.359,7188.012,no
2026-02-13,L14,LINEA 14,2,3251826,"VANSH,CO,300MLX48 WHITE",480,48,23040,15.359,7372.32,no
2026-02-13,L18_21,LINEA 18,1,3065105,"VANSH,CO,100MLX72 PINK GOLD",0,72,0,8.133,0,no
2026-02-13,L18_21,LINEA 18,1,3097733,"VANSH,CR,GEL PINK 100ML CAM",148,72,10656,7.896,1168.608,no
2026-02-13,L18_21,LINEA 18,1,3097733,"VANSH,CR,GEL PINK 100ML CAM",350,72,25200,7.896,2763.6,no
2026-02-13,L19,LINEA 19,1,3252557,"VANSH,CO,1800ML WHITE X6 DP",579,6,3474,11.852,6862.308,no
2026-02-13,L19,LINEA 19,1,3282079,"VANSH,CO, 1800ML BLANCO X6 DP",936,6,5616,11.852,11093.472,no
2026-02-13,L19,LINEA 19,2,3252557,"VANSH,CO,1800ML WHITE X6 DP",1439,6,8634,11.852,17055.028,no
2026-02-13,L19,LINEA 19,2,3279168,"WLITE,CO,P&C 1.8L X6",0,6,0,11.892,0,no
2026-02-13,L20,LINEA 20,1,3303239,"VANSH,CO,BLANCO DP 450GRX12",1167,12,14004,5.831,6804.777,no
2026-02-13,L20,LINEA 20,2,3303238,"VANSH,CO,ROSA DP 450GRX12",279,12,3348,5.831,1626.849,no
2026-02-13,L20,LINEA 20,2,3303239,"VANSH,CO,BLANCO DP 450GRX12",820,12,9840,5.831,4781.42,no
2026-02-13,L22,LINEA 22,1,3251828,"VANSH,CO,130 ML PINK X64",416,64,26624,9.891,4114.656,no
2026-02-14,L10_50,LINEA 10,1,3295332,VANISH PINK GALON X4,830,4,3320,16.66,13827.8,no
2026-02-14,L10_50,LINEA 10,2,3295332,VANISH PINK GALON X4,835,4,3340,16.66,13911.1,no
2026-02-14,L14,LINEA 14,1,3251826,"VANSH,CO,300MLX48 WHITE",153,48,7344,15.359,2349.927,no
2026-02-14,L14,LINEA 14,2,3251826,"VANSH,CO,300MLX48 WHITE",168,48,8064,15.359,2580.312,no
2026-02-14,L18_21,LINEA 18,1,3097733,"VANSH,CR,GEL PINK 100ML CAM",389,72,28008,7.896,3071.544,no
2026-02-14,L19,LINEA 19,1,3279168,"WLITE,CO,P&C 1.8L X6",0,6,0,11.892,0,no
2026-02-14,L19,LINEA 19,2,3279168,"WLITE,CO,P&C 1.8L X6",550,6,3300,11.892,6540.6,no
2026-02-14,L20,LINEA 20,1,3303238,"VANSH,CO,ROSA DP 450GRX12",449,12,5388,5.831,2618.119,no
2026-02-14,L20,LINEA 20,2,3303238,"VANSH,CO,ROSA DP 450GRX12",307,12,3684,5.831,1790.117,no
2026-02-14,L22,LINEA 22,1,3251828,"VANSH,CO,130 ML PINK X64",255,64,16320,9.891,2522.205,no
2026-02-16,L10_50,LINEA 10,1,3295332,VANISH PINK GALON X4,974,4,3896,16.66,16226.84,no
2026-02-16,L10_50,LINEA 10,2,3295332,VANISH PINK GALON X4,988,4,3952,16.66,16460.08,no
2026-02-16,L10_50,LINEA 10,2,3295333,VANISH WHITE GALÓN X4,601,4,2404,16.66,10012.66,no
2026-02-16,L14,LINEA 14,1,3251826,"VANSH,CO,300MLX48 WHITE",392,48,18816,15.359,6020.728,no
2026-02-16,L14,LINEA 14,2,3251826,"VANSH,CO,300MLX48 WHITE",53,48,2544,15.359,814.027,no
2026-02-16,L14,LINEA 14,2,3331250,"SANPC,CO,OASIS DE LAVAND 450ML",0,24,0,11.856,0,no
2026-02-16,L19,LINEA 19,1,3279168,"WLITE,CO,P&C 1.8L X6",1352,6,8112,11.892,16077.984,no
2026-02-16,L19,LINEA 19,2,3279168,"WLITE,CO,P&C 1.8L X6",1267,6,7602,11.892,15067.164,no
2026-02-16,L20,LINEA 20,1,3303238,"VANSH,CO,ROSA DP 450GRX12",1177,12,14124,5.831,6863.087,no
2026-02-16,L20,LINEA 20,2,3303106,"VANSH,AR,ROSA DP 450GRX12",853,12,10236,5.831,4973.843,no
2026-02-16,L20,LINEA 20,2,3303238,"VANSH,CO,ROSA DP 450GRX12",182,12,2184,5.831,1061.242,no
2026-02-16,L22,LINEA 22,1,3251827,"VANSH,CO,130 ML WHITE X64",189,64,12096,9.891,1869.399,no
2026-02-16,L22,LINEA 22,1,3251828,"VANSH,CO,130 ML PINK X64",227,64,14528,9.891,2245.257,no
2026-02-16,L22,LINEA 22,2,3251827,"VANSH,CO,130 ML WHITE X64",430,64,27520,9.891,4253.13,no
2026-02-17,L10_50,LINEA 10,1,3295333,VANISH WHITE GALÓN X4,1705,4,6820,16.66,28405.3,no
2026-02-17,L10_50,LINEA 10,2,3295333,VANISH WHITE GALÓN X4,2123,4,8492,16.66,35369.18,no
2026-02-17,L14,LINEA 14,1,3331250,"SANPC,CO,OASIS DE LAVAND 450ML",0,24,0,11.856,0,no
2026-02-17,L14,LINEA 14,2,3331250,"SANPC,CO,OASIS DE LAVAND 450ML",424,24,10176,11.856,5026.944,no
2026-02-17,L19,LINEA 19,1,3279149,"WLITE,CO,BLACK 1.8L X6",1316,6,7896,11.892,15649.872,no
2026-02-17,L19,LINEA 19,2,3279149,"WLITE,CO,BLACK 1.8L X6",0,6,0,11.892,0,no
2026-02-17,L20,LINEA 20,1,3303106,"VANSH,AR,ROSA DP 450GRX12",1068,12,12816,5.831,6227.508,no
2026-02-17,L20,LINEA 20,2,3303106,"VANSH,AR,ROSA DP 450GRX12",1066,12,12792,5.831,6215.846,no
2026-02-17,L22,LINEA 22,1,3251827,"VANSH,CO,130 ML WHITE X64",632,64,40448,9.891,6251.112,no
2026-02-17,L22,LINEA 22,2,3251827,"VANSH,CO,130 ML WHITE X64",645,64,41280,9.891,6379.695,no
2026-02-18,L10_50,LINEA 10,1,3295333,VANISH WHITE GALÓN X4,1258,4,5032,16.66,20958.28,no
2026-02-18,L10_50,LINEA 10,2,3252382,"VANSH,CO,900ML WHITEX12",0,12,0,11.995,0,no
2026-02-18,L10_50,LINEA 10,2,3295333,VANISH WHITE GALÓN X4,923,4,3692,16.66,15377.18,no
2026-02-18,L14,LINEA 14,1,3331250,"SANPC,CO,OASIS DE LAVAND 450ML",300,24,7200,11.856,3556.8,no
2026-02-18,L14,LINEA 14,2,3331250,"SANPC,CO,OASIS DE LAVAND 450ML",636,24,15264,11.856,7540.416,no
2026-02-18,L19,LINEA 19,1,3279149,"WLITE,CO,BLACK 1.8L X6",1402,6,8412,11.892,16672.584,no
2026-02-18,L19,LINEA 19,2,3251821,"VANSH,CO,800ML WHITEX12",0,12,0,10.463,0,no
2026-02-18,L19,LINEA 19,2,3279149,"WLITE,CO,BLACK 1.8L X6",1145,6,6870,11.892,13616.34,no
2026-02-18,L20,LINEA 20,1,3303106,"VANSH,AR,ROSA DP 450GRX12",1251,12,15012,5.831,7294.581,no
2026-02-18,L20,LINEA 20,2,3303106,"VANSH,AR,ROSA DP 450GRX12",151,12,1812,5.831,880.481,no
2026-02-18,L20,LINEA 20,2,3303236,"VANSH,CO,POLVO ROSA 240GRX12",0,12,0,3.049,0,no
2026-02-18,L22,LINEA 22,1,3251827,"VANSH,CO,130 ML WHITE X64",635,64,40640,9.891,6280.785,no
2026-02-18,L22,LINEA 22,2,3251827,"VANSH,CO,130 ML WHITE X64",644,64,41216,9.891,6369.804,no
2026-02-19,L10_50,LINEA 10,1,3252382,"VANSH,CO,900ML WHITEX12",220,12,2640,11.995,2638.9,no
2026-02-19,L10_50,LINEA 10,2,3252382,"VANSH,CO,900ML WHITEX12",228,12,2736,11.995,2734.86,no
2026-02-19,L14,LINEA 14,1,3101151,"SANPC,CO,450 ML X 24 C&M",635,24,15240,11.856,7528.56,no
2026-02-19,L14,LINEA 14,1,3331250,"SANPC,CO,OASIS DE LAVAND 450ML",10,24,240,11.856,118.56,no
2026-02-19,L14,LINEA 14,2,3101151,"SANPC,CO,450 ML X 24 C&M",218,24,5232,11.856,2584.608,no
2026-02-19,L19,LINEA 19,1,3251821,"VANSH,CO,800ML WHITEX12",512,12,6144,10.463,5357.056,no
2026-02-19,L19,LINEA 19,2,3251821,"VANSH,CO,800ML WHITEX12",327,12,3924,10.463,3421.401,no
2026-02-19,L20,LINEA 20,1,3303236,"VANSH,CO,POLVO ROSA 240GRX12",794,12,9528,3.049,2420.906,no
2026-02-19,L20,LINEA 20,2,3303236,"VANSH,CO,POLVO ROSA 240GRX12",358,12,4296,3.049,1091.542,no
2026-02-19,L22,LINEA 22,1,3251827,"VANSH,CO,130 ML WHITE X64",644,64,41216,9.891,6369.804,no
2026-02-19,L22,LINEA 22,2,3251827,"VANSH,CO,130 ML WHITE X64",168,64,10752,9.891,1661.688,no
2026-02-20,L10_50,LINEA 10,1,3252382,"VANSH,CO,900ML WHITEX12",1671,12,20052,11.995,20043.645,no
2026-02-20,L10_50,LINEA 10,2,3252382,"VANSH,CO,900ML WHITEX12",1832,12,21984,11.995,21974.84,no
2026-02-20,L14,LINEA 14,1,3101148,"SANPC,CO,1000 ML X 12 VAINILLA",0,12,0,12.725,0,no
2026-02-20,L14,LINEA 14,1,3101151,"SANPC,CO,450 ML X 24 C&M",521,24,12504,11.856,6176.976,no
2026-02-20,L14,LINEA 14,2,3101148,"SANPC,CO,1000 ML X 12 VAINILLA",300,12,3600,12.725,3817.5,no
2026-02-20,L19,LINEA 19,1,3251821,"VANSH,CO,800ML WHITEX12",1171,12,14052,10.463,12252.173,no
2026-02-20,L19,LINEA 19,2,3251821,"VANSH,CO,800ML WHITEX12",1024,12,12288,10.463,10714.112,no
2026-02-20,L20,LINEA 20,1,3303236,"VANSH,CO,POLVO ROSA 240GRX12",1074,12,12888,3.049,3274.626,no
2026-02-20,L20,LINEA 20,2,3303236,"VANSH,CO,POLVO ROSA 240GRX12",1373,12,16476,3.049,4186.277,no
2026-02-20,L22,LINEA 22,1,3251827,"VANSH,CO,130 ML WHITE X64",612,64,39168,9.891,6053.292,no
2026-02-20,L22,LINEA 22,2,3251827,"VANSH,CO,130 ML WHITE X64",627,64,40128,9.891,6201.657,no
2026-02-21,L10_50,LINEA 10,1,3252382,"VANSH,CO,900ML WHITEX12",1858,12,22296,11.995,22286.71,no
2026-02-21,L10_50,LINEA 10,2,3252382,"VANSH,CO,900ML WHITEX12",1433,12,17196,11.995,17188.835,no
2026-02-21,L10_50,LINEA 10,2,3252385,"VANSH,CO,900ML PINKX12",0,12,0,11.995,0,no
2026-02-21,L14,LINEA 14,1,3101148,"SANPC,CO,1000 ML X 12 VAINILLA",883,12,10596,12.725,11236.175,no
2026-02-21,L14,LINEA 14,2,3101148,"SANPC,CO,1000 ML X 12 VAINILLA",786,12,9432,12.725,10001.85,no
2026-02-21,L16,LINEA 16,1,3303199,VANISH POL PINK SAC 144X30GM,0,144,0,4.9,0,no
2026-02-21,L18_21,LINEA 18,2,3097733,"VANSH,CR,GEL PINK 100ML CAM",0,72,0,7.896,0,no
2026-02-21,L19,LINEA 19,1,3251821,"VANSH,CO,800ML WHITEX12",1085,12,13020,10.463,11352.355,no
2026-02-21,L19,LINEA 19,2,3251821,"VANSH,CO,800ML WHITEX12",966,12,11592,10.463,10107.258,no
2026-02-21,L20,LINEA 20,1,3303236,"VANSH,CO,POLVO ROSA 240GRX12",1148,12,13776,3.049,3500.252,no
2026-02-21,L20,LINEA 20,2,3303236,"VANSH,CO,POLVO ROSA 240GRX12",656,12,7872,3.049,2000.144,no
2026-02-21,L20,LINEA 20,2,3303237,"VANSH,CO,POLVO BLANCO 240GRX12",265,12,3180,3.049,807.985,no
2026-02-21,L22,LINEA 22,1,3251824,"VANSH,CO,450ML WHITEX24",497,24,11928,11.925,5926.725,no
2026-02-21,L22,LINEA 22,2,3251824,"VANSH,CO,450ML WHITEX24",1041,24,24984,11.925,12413.925,no
2026-02-23,L10_50,LINEA 10,1,3252385,"VANSH,CO,900ML PINKX12",2331,12,27972,11.995,27960.345,no
2026-02-23,L14,LINEA 14,1,3101148,"SANPC,CO,1000 ML X 12 VAINILLA",521,12,6252,12.725,6629.725,no
2026-02-23,L14,LINEA 14,1,3138005,"ESYOF,CO,900 ML X 12 VIDRIOS",0,12,0,11.523,0,no
2026-02-23,L14,LINEA 14,2,3059366,"LYSOL,CO,CITRUS DP 800 ML",273,12,3276,10.338,2822.274,no
2026-02-23,L14,LINEA 14,2,3138005,"ESYOF,CO,900 ML X 12 VIDRIOS",810,12,9720,11.523,9333.63,no
2026-02-23,L16,LINEA 16,1,3303199,VANISH POL PINK SAC 144X30GM,295,144,42480,4.9,1445.5,no
2026-02-23,L16,LINEA 16,1,3303199,VANISH POL PINK SAC 144X30GM,164,144,23616,4.9,803.6,no
2026-02-23,L18_21,LINEA 18,1,3097733,"VANSH,CR,GEL PINK 100ML CAM",1014,72,73008,7.896,8006.544,no
2026-02-23,L19,LINEA 19,1,3251821,"VANSH,CO,800ML WHITEX12",1187,12,14244,10.463,12419.581,no
2026-02-23,L19,LINEA 19,2,3251821,"VANSH,CO,800ML WHITEX12",477,12,5724,10.463,4990.851,no
2026-02-23,L19,LINEA 19,2,3251821,"VANSH,CO,800ML WHITEX12",597,12,7164,10.463,6246.411,no
2026-02-23,L20,LINEA 20,1,3303237,"VANSH,CO,POLVO BLANCO 240GRX12",1361,12,16332,3.049,4149.689,no
2026-02-23,L20,LINEA 20,2,3303237,"VANSH,CO,POLVO BLANCO 240GRX12",1566,12,18792,3.049,4774.734,no
2026-02-23,L22,LINEA 22,1,3251824,"VANSH,CO,450ML WHITEX24",1255,24,30120,11.925,14965.875,no
2026-02-23,L22,LINEA 22,2,3251824,"VANSH,CO,450ML WHITEX24",1233,24,29592,11.925,14703.525,no
2026-02-24,L10_50,LINEA 10,1,3252385,"VANSH,CO,900ML PINKX12",2318,12,27816,11.995,27804.41,no
2026-02-24,L14,LINEA 14,1,3059366,"LYSOL,CO,CITRUS DP 800 ML",1105,12,13260,10.338,11423.49,no
2026-02-24,L14,LINEA 14,2,3059366,"LYSOL,CO,CITRUS DP 800 ML",1209,12,14508,10.338,12498.642,no
2026-02-24,L16,LINEA 16,1,3303199,VANISH POL PINK SAC 144X30GM,476,144,68544,4.9,2332.4,no
2026-02-24,L18_21,LINEA 18,1,3097733,"VANSH,CR,GEL PINK 100ML CAM",1028,72,74016,7.896,8117.088,no
2026-02-24,L19,LINEA 19,1,3251821,"VANSH,CO,800ML WHITEX12",1131,12,13572,10.463,11833.653,no
2026-02-24,L19,LINEA 19,2,3251821,"VANSH,CO,800ML WHITEX12",557,12,6684,10.463,5827.891,no
2026-02-24,L19,LINEA 19,2,3251822,"VANSH,CO,800ML PINKX12",422,12,5064,10.463,4415.386,no
2026-02-24,L20,LINEA 20,1,3303237,"VANSH,CO,POLVO BLANCO 240GRX12",1585,12,19020,3.049,4832.665,no
2026-02-24,L20,LINEA 20,2,3303107,"VANSH,AR,POLVO BLANCO 120GRX24",478,24,11472,2.561,1224.158,no
2026-02-24,L20,LINEA 20,2,3303237,"VANSH,CO,POLVO BLANCO 240GRX12",459,12,5508,3.049,1399.491,no
2026-02-24,L22,LINEA 22,1,3251824,"VANSH,CO,450ML WHITEX24",1245,24,29880,11.925,14846.625,no
2026-02-24,L22,LINEA 22,2,3251824,"VANSH,CO,450ML WHITEX24",1398,24,33552,11.925,16671.15,no
2026-02-25,L10_50,LINEA 10,1,3295376,WOOLITE BABY 2L X6,0,6,0,13.666,0,no
2026-02-25,L14,LINEA 14,1,3055603,"LYSOL,CR,LAVANDA DP 800 ML",346,12,4152,10.338,3576.948,no
2026-02-25,L14,LINEA 14,1,3059366,"LYSOL,CO,CITRUS DP 800 ML",652,12,7824,10.338,6740.376,no
2026-02-25,L14,LINEA 14,2,3055603,"LYSOL,CR,LAVANDA DP 800 ML",1214,12,14568,10.338,12550.332,no
2026-02-25,L16,LINEA 16,1,3303199,VANISH POL PINK SAC 144X30GM,459,144,66096,4.9,2249.1,no
2026-02-25,L18_21,LINEA 18,1,3097733,"VANSH,CR,GEL PINK 100ML CAM",791,72,56952,7.896,6245.736,no
2026-02-25,L19,LINEA 19,1,3251822,"VANSH,CO,800ML PINKX12",730,12,8760,10.463,7637.99,no
2026-02-25,L19,LINEA 19,1,3251822,"VANSH,CO,800ML PINKX12",268,12,3216,10.463,2804.084,no
2026-02-25,L19,LINEA 19,2,3251822,"VANSH,CO,800ML PINKX12",1106,12,13272,10.463,11572.078,no
2026-02-25,L20,LINEA 20,1,3303107,"VANSH,AR,POLVO BLANCO 120GRX24",732,24,17568,2.561,1874.652,no
2026-02-25,L20,LINEA 20,2,3303107,"VANSH,AR,POLVO BLANCO 120GRX24",893,24,21432,2.561,2286.973,no
2026-02-25,L22,LINEA 22,1,3251824,"VANSH,CO,450ML WHITEX24",1281,24,30744,11.925,15275.925,no
2026-02-25,L22,LINEA 22,2,3251823,"VANSH,CO,450ML PINKX24",870,24,20880,11.925,10374.75,no
2026-02-25,L22,LINEA 22,2,3251824,"VANSH,CO,450ML WHITEX24",370,24,8880,11.925,4412.25,no
2026-02-26,L10_50,LINEA 10,1,3295376,WOOLITE BABY 2L X6,0,6,0,13.666,0,no
2026-02-26,L14,LINEA 14,1,3055603,"LYSOL,CR,LAVANDA DP 800 ML",1123,12,13476,10.338,11609.574,no
2026-02-26,L14,LINEA 14,2,3055603,"LYSOL,CR,LAVANDA DP 800 ML",579,12,6948,10.338,5985.702,no
2026-02-26,L14,LINEA 14,2,3279164,"WLITE,CO,P&C 900ML X12",0,12,0,11.823,0,no
2026-02-26,L16,LINEA 16,1,3303199,VANISH POL PINK SAC 144X30GM,492,144,70848,4.9,2410.8,no
2026-02-26,L18_21,LINEA 18,1,3097733,"VANSH,CR,GEL PINK 100ML CAM",100,72,7200,7.896,789.6,no
2026-02-26,L18_21,LINEA 18,1,3097734,"VANSH,CR,GEL BLANCO 100ML CAM",700,72,50400,8.163,5714.1,no
2026-02-26,L19,LINEA 19,1,3251822,"VANSH,CO,800ML PINKX12",1138,12,13656,10.463,11906.894,no
2026-02-26,L19,LINEA 19,2,3251822,"VANSH,CO,800ML PINKX12",1191,12,14292,10.463,12461.433,no
2026-02-26,L20,LINEA 20,1,3303107,"VANSH,AR,POLVO BLANCO 120GRX24",207,24,4968,2.561,530.127,no
2026-02-26,L20,LINEA 20,1,3303246,"VANSH,CO,POLVO BLANCO 120GRX24",594,24,14256,2.561,1521.234,no
2026-02-26,L20,LINEA 20,2,3303204,"VANSH,CO,POLVO ROSA 120GRX24",86,24,2064,3.052,262.472,no
2026-02-26,L20,LINEA 20,2,3303246,"VANSH,CO,POLVO BLANCO 120GRX24",813,24,19512,2.561,2082.093,no
2026-02-26,L22,LINEA 22,1,3251823,"VANSH,CO,450ML PINKX24",1291,24,30984,11.925,15395.175,no
2026-02-26,L22,LINEA 22,2,3251823,"VANSH,CO,450ML PINKX24",1360,24,32640,11.925,16218.0,no
2026-02-27,L10_50,LINEA 10,1,3295376,WOOLITE BABY 2L X6,0,6,0,13.666,0,no
2026-02-27,L14,LINEA 14,1,3279164,"WLITE,CO,P&C 900ML X12",822,12,9864,11.823,9718.506,no
2026-02-27,L14,LINEA 14,2,3279164,"WLITE,CO,P&C 900ML X12",814,12,9768,11.823,9623.922,no
2026-02-27,L16,LINEA 16,1,3303199,VANISH POL PINK SAC 144X30GM,362,144,52128,4.9,1773.8,no
2026-02-27,L18_21,LINEA 18,1,3097734,"VANSH,CR,GEL BLANCO 100ML CAM",539,72,38808,8.163,4399.857,no
2026-02-27,L19,LINEA 19,1,3251822,"VANSH,CO,800ML PINKX12",1161,12,13932,10.463,12147.543,no
2026-02-27,L19,LINEA 19,2,3251822,"VANSH,CO,800ML PINKX12",1114,12,13368,10.463,11655.782,no
2026-02-27,L20,LINEA 20,1,3303204,"VANSH,CO,POLVO ROSA 120GRX24",808,24,19392,3.052,2466.016,no
2026-02-27,L20,LINEA 20,2,3303204,"VANSH,CO,POLVO ROSA 120GRX24",574,24,13776,3.052,1751.848,no
2026-02-27,L22,LINEA 22,1,3251823,"VANSH,CO,450ML PINKX24",1208,24,28992,11.925,14405.4,no
2026-02-27,L22,LINEA 22,2,3251823,"VANSH,CO,450ML PINKX24",1450,24,34800,11.925,17291.25,no
2026-02-28,L10_50,LINEA 10,2,3295333,VANISH WHITE GALÓN X4,0,4,0,16.66,0,no
2026-03-02,L10_50,LINEA 10,1,3295333,VANISH WHITE GALÓN X4,0,4,0,16.66,0,no
2026-03-02,L14,LINEA 14,1,3279143,"WLITE,CO,BLACK 900ML DPX12",390,12,4680,11.823,4610.97,no
2026-03-02,L14,LINEA 14,1,3279164,"WLITE,CO,P&C 900ML X12",239,12,2868,11.823,2825.697,no
2026-03-02,L14,LINEA 14,2,3279143,"WLITE,CO,BLACK 900ML DPX12",855,12,10260,11.823,10108.665,no
2026-03-02,L14,LINEA 14,2,3279143,"WLITE,CO,BLACK 900ML DPX12",78,12,936,11.823,922.194,no
2026-03-02,L16,LINEA 16,1,3303199,VANISH POL PINK SAC 144X30GM,313,144,45072,4.9,1533.7,no
2026-03-02,L18_21,LINEA 18,1,18,MANTENIMIENTO LINEA 18,0,,0.0,,0,si
2026-03-02,L19,LINEA 19,1,3251822,"VANSH,CO,800ML PINKX12",789,12,9468,10.463,8255.307,no
2026-03-02,L19,LINEA 19,1,3251822,"VANSH,CO,800ML PINKX12",0,12,0,10.463,0,no
2026-03-02,L20,LINEA 20,1,3303201,"VANSH,CO,POLVO ROSA 100GRX24",688,24,16512,2.561,1761.968,no
2026-03-02,L20,LINEA 20,2,3303200,"VANSH,CO,POLVO BLANCO 100GRX24",576,24,13824,2.561,1475.136,no
2026-03-02,L20,LINEA 20,2,3303201,"VANSH,CO,POLVO ROSA 100GRX24",221,24,5304,2.561,565.981,no
2026-03-02,L22,LINEA 22,1,3251823,"VANSH,CO,450ML PINKX24",1250,24,30000,11.925,14906.25,no
2026-03-02,L22,LINEA 22,2,3251823,"VANSH,CO,450ML PINKX24",1432,24,34368,11.925,17076.6,no
2026-03-03,L10_50,LINEA 10,1,3295333,VANISH WHITE GALÓN X4,1336,4,5344,16.66,22257.76,no
2026-03-03,L14,LINEA 14,1,3279143,"WLITE,CO,BLACK 900ML DPX12",932,12,11184,11.823,11019.036,no
2026-03-03,L14,LINEA 14,2,21138,"ESYOF,CO,QTG,DP,LIM,EXP,500ML",0,12,0,6.559,0,no
2026-03-03,L14,LINEA 14,2,3279143,"WLITE,CO,BLACK 900ML DPX12",316,12,3792,11.823,3736.068,no
2026-03-03,L16,LINEA 16,1,3303199,VANISH POL PINK SAC 144X30GM,156,144,22464,4.9,764.4,no
2026-03-03,L16,LINEA 16,1,3303199,VANISH POL PINK SAC 144X30GM,242,144,34848,4.9,1185.8,no
2026-03-03,L18_21,LINEA 18,1,18,MANTENIMIENTO LINEA 18,0,,0.0,,0,si
2026-03-03,L19,LINEA 19,1,3251822,"VANSH,CO,800ML PINKX12",87,12,1044,10.463,910.281,no
2026-03-03,L19,LINEA 19,1,3251822,"VANSH,CO,800ML PINKX12",304,12,3648,10.463,3180.752,no
2026-03-03,L20,LINEA 20,1,3303200,"VANSH,CO,POLVO BLANCO 100GRX24",847,24,20328,2.561,2169.167,no
2026-03-03,L20,LINEA 20,2,3303200,"VANSH,CO,POLVO BLANCO 100GRX24",919,24,22056,2.561,2353.559,no
2026-03-03,L22,LINEA 22,1,3251823,"VANSH,CO,450ML PINKX24",412,24,9888,11.925,4913.1,no
2026-03-03,L22,LINEA 22,1,3251824,"VANSH,CO,450ML WHITEX24",750,24,18000,11.925,8943.75,no
2026-03-03,L22,LINEA 22,2,3251824,"VANSH,CO,450ML WHITEX24",1457,24,34968,11.925,17374.725,no
2026-03-04,L10_50,LINEA 10,2,3295333,VANISH WHITE GALÓN X4,1408,4,5632,16.66,23457.28,no
2026-03-04,L14,LINEA 14,1,21138,"ESYOF,CO,QTG,DP,LIM,EXP,500ML",1009,12,12108,6.559,6618.031,no
2026-03-04,L14,LINEA 14,2,21138,"ESYOF,CO,QTG,DP,LIM,EXP,500ML",415,12,4980,6.559,2721.985,no
2026-03-04,L14,LINEA 14,2,3279308,"ESYOF,CO,LAVANDA DP 500MLX12",809,12,9708,6.74,5452.66,no
2026-03-04,L16,LINEA 16,1,3303199,VANISH POL PINK SAC 144X30GM,492,144,70848,4.9,2410.8,no
2026-03-04,L18_21,LINEA 18,1,18,MANTENIMIENTO LINEA 18,0,,0.0,,0,si
2026-03-04,L19,LINEA 19,1,3251822,"VANSH,CO,800ML PINKX12",1187,12,14244,10.463,12419.581,no
2026-03-04,L20,LINEA 20,1,3303200,"VANSH,CO,POLVO BLANCO 100GRX24",838,24,20112,2.561,2146.118,no
2026-03-04,L20,LINEA 20,2,3303200,"VANSH,CO,POLVO BLANCO 100GRX24",842,24,20208,2.561,2156.362,no
2026-03-04,L22,LINEA 22,1,3251824,"VANSH,CO,450ML WHITEX24",903,24,21672,11.925,10768.275,no
2026-03-04,L22,LINEA 22,1,3331339,"SANPC,CO,MANZANA VERDE  200ML",29,6,174,12.851,372.679,no
2026-03-04,L22,LINEA 22,2,3331339,"SANPC,CO,MANZANA VERDE  200ML",543,6,3258,12.851,6978.093,no
2026-03-05,L10_50,LINEA 10,2,3295332,VANISH PINK GALON X4,829,4,3316,16.66,13811.14,no
2026-03-05,L10_50,LINEA 10,2,3295333,VANISH WHITE GALÓN X4,655,4,2620,16.66,10912.3,no
2026-03-05,L14,LINEA 14,1,3279308,"ESYOF,CO,LAVANDA DP 500MLX12",657,12,7884,6.74,4428.18,no
2026-03-05,L14,LINEA 14,1,3331341,"SANPC,CO,MANZANA VERDE 450ML",0,24,0,11.856,0,no
2026-03-05,L14,LINEA 14,2,3331341,"SANPC,CO,MANZANA VERDE 450ML",436,24,10464,11.856,5169.216,no
2026-03-05,L16,LINEA 16,1,3303199,VANISH POL PINK SAC 144X30GM,490,144,70560,4.9,2401,no
2026-03-05,L18_21,LINEA 18,1,18,MANTENIMIENTO LINEA 18,0,,0.0,,0,si
2026-03-05,L19,LINEA 19,1,3251822,"VANSH,CO,800ML PINKX12",1112,12,13344,10.463,11634.856,no
2026-03-05,L20,LINEA 20,1,3303200,"VANSH,CO,POLVO BLANCO 100GRX24",431,24,10344,2.561,1103.791,no
2026-03-05,L20,LINEA 20,1,3303201,"VANSH,CO,POLVO ROSA 100GRX24",353,24,8472,2.561,904.033,no
2026-03-05,L20,LINEA 20,2,3303201,"VANSH,CO,POLVO ROSA 100GRX24",934,24,22416,2.561,2391.974,no
2026-03-05,L22,LINEA 22,1,3331339,"SANPC,CO,MANZANA VERDE  200ML",658,6,3948,12.851,8455.958,no
2026-03-05,L22,LINEA 22,2,3119847,"SANPC,CO,200MLX64LAVSNPC",109,64,6976,14.158,1543.222,no
2026-03-05,L22,LINEA 22,2,3331339,"SANPC,CO,MANZANA VERDE  200ML",466,6,2796,12.851,5988.566,no
2026-03-06,L10_50,LINEA 10,2,3295332,VANISH PINK GALON X4,1909,4,7636,16.66,31803.94,no
2026-03-06,L14,LINEA 14,1,3331341,"SANPC,CO,MANZANA VERDE 450ML",752,24,18048,11.856,8915.712,no
2026-03-06,L14,LINEA 14,2,3101150,"SANPC,CO,450 ML X 24 VAINILLA",448,24,10752,11.856,5311.488,no
2026-03-06,L14,LINEA 14,2,3331341,"SANPC,CO,MANZANA VERDE 450ML",206,24,4944,11.856,2442.336,no
2026-03-06,L16,LINEA 16,1,3303199,VANISH POL PINK SAC 144X30GM,209,144,30096,4.9,1024.1,no
2026-03-06,L16,LINEA 16,1,3303202,"VANSH,CO,POLVO BLANCO 30GRX144",71,144,10224,4.9,347.9,no
2026-03-06,L18_21,LINEA 18,1,18,MANTENIMIENTO LINEA 18,0,,0.0,,0,si
2026-03-06,L19,LINEA 19,1,3251821,"VANSH,CO,800ML WHITEX12",166,12,1992,10.463,1736.858,no
2026-03-06,L19,LINEA 19,1,3251822,"VANSH,CO,800ML PINKX12",702,12,8424,10.463,7345.026,no
2026-03-06,L20,LINEA 20,1,3303201,"VANSH,CO,POLVO ROSA 100GRX24",851,24,20424,2.561,2179.411,no
2026-03-06,L20,LINEA 20,2,3303201,"VANSH,CO,POLVO ROSA 100GRX24",510,24,12240,2.561,1306.11,no
2026-03-06,L20,LINEA 20,2,3303204,"VANSH,CO,POLVO ROSA 120GRX24",369,24,8856,3.052,1126.188,no
2026-03-06,L22,LINEA 22,1,3119847,"SANPC,CO,200MLX64LAVSNPC",656,64,41984,14.158,9287.648,no
2026-03-06,L22,LINEA 22,2,3119847,"SANPC,CO,200MLX64LAVSNPC",624,64,39936,14.158,8834.592,no
2026-03-07,L10_50,LINEA 10,2,3295332,VANISH PINK GALON X4,1526,4,6104,16.66,25423.16,no
2026-03-07,L14,LINEA 14,1,3101150,"SANPC,CO,450 ML X 24 VAINILLA",686,24,16464,11.856,8133.216,no
2026-03-07,L14,LINEA 14,2,3101150,"SANPC,CO,450 ML X 24 VAINILLA",251,24,6024,11.856,2975.856,no
2026-03-07,L14,LINEA 14,2,3331250,"SANPC,CO,OASIS DE LAVAND 450ML",320,24,7680,11.856,3793.92,no
2026-03-07,L16,LINEA 16,1,3303202,"VANSH,CO,POLVO BLANCO 30GRX144",440,144,63360,4.9,2156,no
2026-03-07,L18_21,LINEA 18,1,18,MANTENIMIENTO LINEA 18,0,,0.0,,0,si
2026-03-07,L19,LINEA 19,1,3251821,"VANSH,CO,800ML WHITEX12",895,12,10740,10.463,9364.385,no
2026-03-07,L20,LINEA 20,1,3303204,"VANSH,CO,POLVO ROSA 120GRX24",693,24,16632,3.052,2115.036,no
2026-03-07,L20,LINEA 20,2,3303107,"VANSH,AR,POLVO BLANCO 120GRX24",0,24,0,2.561,0,no
2026-03-07,L20,LINEA 20,2,3303204,"VANSH,CO,POLVO ROSA 120GRX24",442,24,10608,3.052,1348.984,no
2026-03-07,L22,LINEA 22,1,3119847,"SANPC,CO,200MLX64LAVSNPC",155,64,9920,14.158,2194.49,no
2026-03-07,L22,LINEA 22,1,3162877,"SANPC,,CANELA MANZANA 200ML",276,64,17664,14.158,3907.608,no
2026-03-07,L22,LINEA 22,2,3162877,"SANPC,,CANELA MANZANA 200ML",480,64,30720,14.158,6795.84,no
2026-03-09,L14,LINEA 14,1,3331250,"SANPC,CO,OASIS DE LAVAND 450ML",761,24,18264,11.856,9022.416,no
2026-03-09,L14,LINEA 14,2,3251826,"VANSH,CO,300MLX48 WHITE",0,48,0,15.359,0,no
2026-03-09,L14,LINEA 14,2,3331250,"SANPC,CO,OASIS DE LAVAND 450ML",306,24,7344,11.856,3627.936,no
2026-03-09,L16,LINEA 16,1,3303202,"VANSH,CO,POLVO BLANCO 30GRX144",358,144,51552,4.9,1754.2,no
2026-03-09,L16,LINEA 16,2,3303202,"VANSH,CO,POLVO BLANCO 30GRX144",136,144,19584,4.9,666.4,no
2026-03-09,L18_21,LINEA 18,1,3065105,"VANSH,CO,100MLX72 PINK GOLD",80,72,5760,8.133,650.64,no
2026-03-09,L19,LINEA 19,1,3251821,"VANSH,CO,800ML WHITEX12",1198,12,14376,10.463,12534.674,no
2026-03-09,L20,LINEA 20,1,3303107,"VANSH,AR,POLVO BLANCO 120GRX24",899,24,21576,2.561,2302.339,no
2026-03-09,L20,LINEA 20,2,3303107,"VANSH,AR,POLVO BLANCO 120GRX24",945,24,22680,2.561,2420.145,no
2026-03-09,L22,LINEA 22,1,3162877,"SANPC,,CANELA MANZANA 200ML",630,64,40320,14.158,8919.54,no
2026-03-10,L14,LINEA 14,1,3251826,"VANSH,CO,300MLX48 WHITE",405,48,19440,15.359,6220.395,no
2026-03-10,L14,LINEA 14,2,3251826,"VANSH,CO,300MLX48 WHITE",455,48,21840,15.359,6988.345,no
2026-03-10,L16,LINEA 16,1,3303202,"VANSH,CO,POLVO BLANCO 30GRX144",506,144,72864,4.9,2479.4,no
2026-03-10,L16,LINEA 16,2,3303202,"VANSH,CO,POLVO BLANCO 30GRX144",136,144,19584,4.9,666.4,no
2026-03-10,L18_21,LINEA 18,1,3065105,"VANSH,CO,100MLX72 PINK GOLD",568,72,40896,8.133,4619.544,no
2026-03-10,L19,LINEA 19,1,3251821,"VANSH,CO,800ML WHITEX12",1338,12,16056,10.463,13999.494,no
2026-03-10,L20,LINEA 20,1,3303107,"VANSH,AR,POLVO BLANCO 120GRX24",466,24,11184,2.561,1193.426,no
2026-03-10,L20,LINEA 20,1,3303246,"VANSH,CO,POLVO BLANCO 120GRX24",352,24,8448,2.561,901.472,no
2026-03-10,L20,LINEA 20,2,3303246,"VANSH,CO,POLVO BLANCO 120GRX24",903,24,21672,2.561,2312.583,no
2026-03-10,L22,LINEA 22,1,22,MANTENIMIENTO LINEA 22,0,,0.0,,0,si
2026-03-11,L14,LINEA 14,1,3251826,"VANSH,CO,300MLX48 WHITE",465,48,22320,15.359,7141.935,no
2026-03-11,L14,LINEA 14,2,3251825,"VANSH,CO,300ML PINKX48",313,48,15024,15.359,4807.367,no
2026-03-11,L14,LINEA 14,2,3251826,"VANSH,CO,300MLX48 WHITE",85,48,4080,15.359,1305.515,no
2026-03-11,L16,LINEA 16,1,3303202,"VANSH,CO,POLVO BLANCO 30GRX144",520,144,74880,4.9,2548,no
2026-03-11,L16,LINEA 16,2,3303202,"VANSH,CO,POLVO BLANCO 30GRX144",136,144,19584,4.9,666.4,no
2026-03-11,L18_21,LINEA 18,1,3065105,"VANSH,CO,100MLX72 PINK GOLD",1004,72,72288,8.133,8165.532,no
2026-03-11,L19,LINEA 19,1,3153282,"SANPC,CO,2000ML X 6 VAINILLA",0,6,0,12.851,0,no
2026-03-11,L19,LINEA 19,1,3251821,"VANSH,CO,800ML WHITEX12",867,12,10404,10.463,9071.421,no
2026-03-11,L20,LINEA 20,1,3303246,"VANSH,CO,POLVO BLANCO 120GRX24",942,24,22608,2.561,2412.462,no
2026-03-11,L20,LINEA 20,2,3303246,"VANSH,CO,POLVO BLANCO 120GRX24",795,24,19080,2.561,2035.995,no
2026-03-11,L22,LINEA 22,1,22,MANTENIMIENTO LINEA 22,0,,0.0,,0,si
2026-03-12,L10_50,LINEA 10,2,3295332,VANISH PINK GALON X4,0,4,0,16.66,0,no
2026-03-12,L14,LINEA 14,1,14,MANTENIMIENTO LINEA 14,0,,0.0,,0,si
2026-03-12,L14,LINEA 14,2,3251825,"VANSH,CO,300ML PINKX48",412,48,19776,15.359,6327.908,no
2026-03-12,L16,LINEA 16,1,3303202,"VANSH,CO,POLVO BLANCO 30GRX144",531,144,76464,4.9,2601.9,no
2026-03-12,L18_21,LINEA 18,1,3065105,"VANSH,CO,100MLX72 PINK GOLD",745,72,53640,8.133,6059.085,no
2026-03-12,L18_21,LINEA 18,1,3097733,"VANSH,CR,GEL PINK 100ML CAM",77,72,5544,7.896,607.992,no
2026-03-12,L19,LINEA 19,1,3153282,"SANPC,CO,2000ML X 6 VAINILLA",691,6,4146,12.851,8880.041,no
2026-03-12,L20,LINEA 20,1,3303237,"VANSH,CO,POLVO BLANCO 240GRX12",1093,12,13116,3.049,3332.557,no
2026-03-12,L20,LINEA 20,2,3303237,"VANSH,CO,POLVO BLANCO 240GRX12",1688,12,20256,3.049,5146.712,no
2026-03-12,L22,LINEA 22,1,3162877,"SANPC,,CANELA MANZANA 200ML",140,64,8960,14.158,1982.12,no
2026-03-12,L22,LINEA 22,1,3251827,"VANSH,CO,130 ML WHITE X64",153,64,9792,9.891,1513.323,no
2026-03-13,L10_50,LINEA 10,1,3295332,VANISH PINK GALON X4,853,4,3412,16.66,14210.98,no
2026-03-13,L14,LINEA 14,1,14,MANTENIMIENTO LINEA 14,0,,0.0,,0,si
2026-03-13,L14,LINEA 14,2,3251825,"VANSH,CO,300ML PINKX48",0,48,0,15.359,0,no
2026-03-13,L18_21,LINEA 18,1,3097733,"VANSH,CR,GEL PINK 100ML CAM",994,72,71568,7.896,7848.624,no
2026-03-13,L19,LINEA 19,1,3153282,"SANPC,CO,2000ML X 6 VAINILLA",1424,6,8544,12.851,18299.824,no
2026-03-13,L20,LINEA 20,1,3303237,"VANSH,CO,POLVO ROSA 240GRX12",990,12,11880,3.049,3018.51,no
2026-03-13,L20,LINEA 20,2,3303236,"VANSH,CO,POLVO ROSA 240GRX12",0,12,0,3.049,0,no
2026-03-13,L22,LINEA 22,1,3251827,"VANSH,CO,130 ML WHITE X64",595,64,38080,9.891,5885.145,no
2026-03-14,L20,LINEA 20,1,3303236,"VANSH,CO,POLVO ROSA 240GRX12",329,12,3948,3.049,1003.121,no
2026-03-14,L20,LINEA 20,2,3303236,"VANSH,CO,POLVO ROSA 240GRX12",290,12,3480,3.049,884.21,no
2026-03-14,L22,LINEA 22,1,3251827,"VANSH,CO,130 ML WHITE X64",103,64,6592,9.891,1018.773,no
2026-03-14,L22,LINEA 22,2,3251827,"VANSH,CO,130 ML WHITE X64",95,64,6080,9.891,939.645,no
2026-03-16,L10_50,LINEA 10,2,3245286,"SANPC,CO,SANPIC VAINILLA 3L X4",894,4,3576,12.806,11448.564,no
2026-03-16,L14,LINEA 14,1,3251825,"VANSH,CO,300ML PINKX48",409,48,19632,15.359,6281.831,no
2026-03-16,L14,LINEA 14,2,3251825,"VANSH,CO,300ML PINKX48",423,48,20304,15.359,6496.857,no
2026-03-16,L18_21,LINEA 18,2,3097733,"VANSH,CR,GEL PINK 100ML CAM",994,72,71568,7.896,7848.624,no
2026-03-16,L19,LINEA 19,1,3153282,"SANPC,CO,2000ML X 6 VAINILLA",477,6,2862,12.851,6129.927,no
2026-03-16,L19,LINEA 19,1,3153283,"SANPC,CO,2000ML X 6 LAVANDA",936,6,5616,12.851,12028.536,no
2026-03-16,L20,LINEA 20,1,3303236,"VANSH,CO,POLVO ROSA 240GRX12",714,12,8568,3.049,2176.986,no
2026-03-16,L20,LINEA 20,2,3303236,"VANSH,CO,POLVO ROSA 240GRX12",1517,12,18204,3.049,4625.333,no
2026-03-16,L22,LINEA 22,1,3251827,"VANSH,CO,130 ML WHITE X64",622,64,39808,9.891,6152.202,no
2026-03-16,L22,LINEA 22,2,3251827,"VANSH,CO,130 ML WHITE X64",591,64,37824,9.891,5845.581,no
2026-03-17,L10_50,LINEA 10,2,3245286,"SANPC,CO,SANPIC VAINILLA 3L X4",1615,4,6460,12.806,20681.69,no
2026-03-17,L14,LINEA 14,1,3251825,"VANSH,CO,300ML PINKX48",419,48,20112,15.359,6435.421,no
2026-03-17,L14,LINEA 14,2,3251825,"VANSH,CO,300ML PINKX48",380,48,18240,15.359,5836.42,no
2026-03-17,L18_21,LINEA 18,2,3097733,"VANSH,CR,GEL PINK 100ML CAM",430,72,30960,7.896,3395.28,no
2026-03-17,L18_21,LINEA 18,2,3097734,"VANSH,CR,GEL BLANCO 100ML CAM",503,72,36216,8.163,4105.989,no
2026-03-17,L19,LINEA 19,1,3153284,"SANPC,CO,2000ML X 6 CAN MANZ",783,6,4698,12.851,10062.333,no
2026-03-17,L19,LINEA 19,1,3252557,"VANSH,CO,1800ML WHITE X6 DP",373,6,2238,11.852,4420.796,no
2026-03-17,L20,LINEA 20,1,3303236,"VANSH,CO,POLVO ROSA 240GRX12",894,12,10728,3.049,2725.806,no
2026-03-17,L20,LINEA 20,1,3303238,"VANSH,CO,ROSA DP 450GRX12",0,12,0,5.831,0,no
2026-03-17,L20,LINEA 20,2,3303238,"VANSH,CO,ROSA DP 450GRX12",408,12,4896,5.831,2379.048,no
2026-03-17,L22,LINEA 22,1,3251827,"VANSH,CO,130 ML WHITE X64",429,64,27456,9.891,4243.239,no
2026-03-17,L22,LINEA 22,1,3251828,"VANSH,CO,130 ML PINK X64",147,64,9408,9.891,1453.977,no
2026-03-17,L22,LINEA 22,2,3251828,"VANSH,CO,130 ML PINK X64",637,64,40768,9.891,6300.567,no
2026-03-18,L10_50,LINEA 10,2,3295334,WOOLITE BLACK GALÓN X4,878,4,3512,16.66,14627.48,no
2026-03-18,L14,LINEA 14,1,3251825,"VANSH,CO,300ML PINKX48",383,48,18384,15.359,5882.497,no
2026-03-18,L14,LINEA 14,2,3251825,"VANSH,CO,300ML PINKX48",402,48,19296,15.359,6174.318,no
2026-03-18,L18_21,LINEA 18,2,3097734,"VANSH,CR,GEL BLANCO 100ML CAM",1057,72,76104,8.163,8628.291,no
2026-03-18,L19,LINEA 19,1,3252557,"VANSH,CO,1800ML WHITE X6 DP",1689,6,10134,11.852,20018.028,no
2026-03-18,L20,LINEA 20,1,3303238,"VANSH,CO,ROSA DP 450GRX12",1093,12,13116,5.831,6373.283,no
2026-03-18,L20,LINEA 20,2,3303238,"VANSH,CO,ROSA DP 450GRX12",1203,12,14436,5.831,7014.693,no
2026-03-18,L22,LINEA 22,1,3251828,"VANSH,CO,130 ML PINK X64",611,64,39104,9.891,6043.401,no
2026-03-18,L22,LINEA 22,2,3251828,"VANSH,CO,130 ML PINK X64",608,64,38912,9.891,6013.728,no
2026-03-19,L10_50,LINEA 10,2,3295334,WOOLITE BLACK GALÓN X4,929,4,3716,16.66,15477.14,no
2026-03-19,L10_50,LINEA 10,2,3300824,WOOLITE BLACK 2L X6,0,6,0,13.666,0,no
2026-03-19,L14,LINEA 14,1,3251825,"VANSH,CO,300ML PINKX48",417,48,20016,15.359,6404.703,no
2026-03-19,L14,LINEA 14,2,3251825,"VANSH,CO,300ML PINKX48",360,48,17280,15.359,5529.24,no
2026-03-19,L18_21,LINEA 18,2,3097734,"VANSH,CR,GEL BLANCO 100ML CAM",832,72,59904,8.163,6791.616,no
2026-03-19,L19,LINEA 19,1,3252557,"VANSH,CO,1800ML WHITE X6 DP",1474,6,8844,11.852,17469.848,no
2026-03-19,L20,LINEA 20,1,3303106,"VANSH,AR,ROSA DP 450GRX12",892,12,10704,5.831,5201.252,no
2026-03-19,L20,LINEA 20,1,3303238,"VANSH,CO,ROSA DP 450GRX12",92,12,1104,5.831,536.452,no
2026-03-19,L20,LINEA 20,2,3303075,"VANSH,AR,BLANCO DP 450GRX12",579,12,6948,5.831,3376.149,no
2026-03-19,L20,LINEA 20,2,3303106,"VANSH,AR,ROSA DP 450GRX12",323,12,3876,5.831,1883.413,no
2026-03-19,L22,LINEA 22,1,3251828,"VANSH,CO,130 ML PINK X64",512,64,32768,9.891,5064.192,no
2026-03-19,L22,LINEA 22,2,3251823,"VANSH,CO,450ML PINKX24",57,24,1368,11.925,679.725,no
2026-03-19,L22,LINEA 22,2,3251828,"VANSH,CO,130 ML PINK X64",76,64,4864,9.891,751.716,no
2026-03-20,L10_50,LINEA 10,2,3300824,WOOLITE BLACK 2L X6,656,6,3936,13.666,8964.896,no
2026-03-20,L14,LINEA 14,1,3251825,"VANSH,CO,300ML PINKX48",302,48,14496,15.359,4638.418,no
2026-03-20,L14,LINEA 14,1,3279146,"WLITE,CO,BLACK 500ML DPX12",0,12,0,6.677,0,no
2026-03-20,L14,LINEA 14,2,3279146,"WLITE,CO,BLACK 500ML DPX12",450,12,5400,6.677,3004.65,no
2026-03-20,L18_21,LINEA 18,2,3065104,"VANSH,CO,100MLX72 WHITE GOLD",499,72,35928,8.134,4058.866,no
2026-03-20,L18_21,LINEA 18,2,3097734,"VANSH,CR,GEL BLANCO 100ML CAM",98,72,7056,8.163,799.974,no
2026-03-20,L19,LINEA 19,1,3252557,"VANSH,CO,1800ML WHITE X6 DP",1543,6,9258,11.852,18287.636,no
2026-03-20,L20,LINEA 20,1,3303075,"VANSH,AR,BLANCO DP 450GRX12",1133,12,13596,5.831,6606.523,no
2026-03-20,L20,LINEA 20,2,3303075,"VANSH,AR,BLANCO DP 450GRX12",1096,12,13152,5.831,6390.776,no
2026-03-20,L22,LINEA 22,1,3251823,"VANSH,CO,450ML PINKX24",1343,24,32232,11.925,16015.275,no
2026-03-20,L22,LINEA 22,2,3251823,"VANSH,CO,450ML PINKX24",301,24,7224,11.925,3589.425,no
2026-03-21,L10_50,LINEA 10,2,3300824,WOOLITE BLACK 2L X6,886,6,5316,13.666,12108.076,no
2026-03-21,L14,LINEA 14,1,3279146,"WLITE,CO,BLACK 500ML DPX12",701,12,8412,6.677,4680.577,no
2026-03-21,L14,LINEA 14,2,3279143,"WLITE,CO,BLACK 900ML DPX12",256,12,3072,11.823,3026.688,no
2026-03-21,L18_21,LINEA 18,2,3065104,"VANSH,CO,100MLX72 WHITE GOLD",829,72,59688,8.134,6743.086,no
2026-03-21,L19,LINEA 19,1,3282079,"VANSH,CO, 1800ML BLANCO X6 DP",1404,6,8424,11.852,16640.208,no
2026-03-21,L20,LINEA 20,1,3303239,"VANSH,CO,BLANCO DP 450GRX12",1018,12,12216,5.831,5935.958,no
2026-03-21,L20,LINEA 20,2,3303239,"VANSH,CO,BLANCO DP 450GRX12",955,12,11460,5.831,5568.605,no
2026-03-21,L22,LINEA 22,1,3251823,"VANSH,CO,450ML PINKX24",1200,24,28800,11.925,14310,no
2026-03-21,L22,LINEA 22,2,3251823,"VANSH,CO,450ML PINKX24",1013,24,24312,11.925,12080.025,no
2026-03-24,L10_50,LINEA 10,1,3295376,WOOLITE BABY 2L X6,901,6,5406,13.666,12313.066,no
2026-03-24,L10_50,LINEA 10,1,3300824,WOOLITE BLACK 2L X6,159,6,954,13.666,2172.894,no
2026-03-24,L14,LINEA 14,1,3279143,"WLITE,CO,BLACK 900ML DPX12",225,12,2700,11.823,2660.175,no
2026-03-24,L14,LINEA 14,2,3279143,"WLITE,CO,BLACK 900ML DPX12",787,12,9444,11.823,9304.701,no
2026-03-24,L18_21,LINEA 18,2,3065104,"VANSH,CO,100MLX72 WHITE GOLD",581,72,41832,8.134,4725.854,no
2026-03-24,L19,LINEA 19,1,3252560,"VANSH,CO,1800ML PINKX6 DP",792,6,4752,11.852,9386.784,no
2026-03-24,L19,LINEA 19,1,3282079,"VANSH,CO, 1800ML BLANCO X6 DP",692,6,4152,11.852,8201.584,no
2026-03-24,L19,LINEA 19,2,3252560,"VANSH,CO,1800ML PINKX6 DP",1308,6,7848,11.852,15502.416,no
2026-03-24,L20,LINEA 20,1,3303239,"VANSH,CO,BLANCO DP 450GRX12",820,12,9840,5.831,4781.42,no
2026-03-24,L20,LINEA 20,1,3303243,"VANSH,CO,POLVO BLANCO 850GRX6",0,6,0,5.495,0,no
2026-03-25,L10_50,LINEA 10,1,3058649,"LYSOL,CO,CITRUS GALON",637,4,2548,15.936,10151.232,no
2026-03-25,L10_50,LINEA 10,1,3295376,WOOLITE BABY 2L X6,223,6,1338,13.666,3047.518,no
2026-03-25,L14,LINEA 14,1,3059366,"LYSOL,CO,CITRUS DP 800 ML",0,12,0,10.338,0,no
2026-03-25,L14,LINEA 14,1,3279143,"WLITE,CO,BLACK 900ML DPX12",608,12,7296,11.823,7188.384,no
2026-03-25,L14,LINEA 14,2,3059366,"LYSOL,CO,CITRUS DP 800 ML",192,12,2304,10.338,1984.896,no
2026-03-25,L18_21,LINEA 18,2,3065104,"VANSH,CO,100MLX72 WHITE GOLD",391,72,28152,8.134,3180.394,no
2026-03-25,L19,LINEA 19,1,19,MANTENIMIENTO LINEA 19,0,,0.0,,0,si
2026-03-25,L19,LINEA 19,2,3252560,"VANSH,CO,1800ML PINKX6 DP",1555,6,9330,11.852,18429.86,no
2026-03-25,L20,LINEA 20,1,3303243,"VANSH,CO,POLVO BLANCO 850GRX6",1541,6,9246,5.495,8467.795,no
2026-03-25,L22,LINEA 22,2,3251823,"VANSH,CO,450ML PINKX24",228,24,5472,11.925,2718.9,no
2026-03-25,L22,LINEA 22,2,3251824,"VANSH,CO,450ML WHITEX24",948,24,22752,11.925,11304.9,no
2026-03-26,L10_50,LINEA 10,1,3058100,"LYSOL,CR,LAVENDER GALLON X 4",987,4,3948,15.936,15728.832,no
2026-03-26,L10_50,LINEA 10,1,3058649,"LYSOL,CO,CITRUS GALON",368,4,1472,15.936,5864.448,no
2026-03-26,L14,LINEA 14,1,3059366,"LYSOL,CO,CITRUS DP 800 ML",948,12,11376,10.338,9800.424,no
2026-03-26,L14,LINEA 14,2,3055602,"LYSOL,CO,FRESH DP 800 ML",420,12,5040,10.338,4341.96,no
2026-03-26,L14,LINEA 14,2,3059366,"LYSOL,CO,CITRUS DP 800 ML",477,12,5724,10.338,4931.226,no
2026-03-26,L18_21,LINEA 18,2,3065104,"VANSH,CO,100MLX72 WHITE GOLD",110,72,7920,8.134,894.74,no
2026-03-26,L19,LINEA 19,1,19,MANTENIMIENTO LINEA 19,0,,0.0,,0,si
2026-03-26,L19,LINEA 19,2,3252560,"VANSH,CO,1800ML PINKX6 DP",444,6,2664,11.852,5262.288,no
2026-03-26,L19,LINEA 19,2,3279149,"WLITE,CO,BLACK 1.8L X6",379,6,2274,11.892,4507.068,no
2026-03-26,L20,LINEA 20,1,3303242,"VANSH,CO,POLVO ROSA 850GRX6",292,6,1752,5.495,1604.54,no
2026-03-26,L20,LINEA 20,1,3303243,"VANSH,CO,POLVO BLANCO 850GRX6",1480,6,8880,5.495,8132.6,no
2026-03-26,L22,LINEA 22,2,3251824,"VANSH,CO,450ML WHITEX24",1084,24,26016,11.925,12926.7,no
2026-03-27,L10_50,LINEA 10,1,3331346,"SANPC,CO,OASIS DE LAVANDA 5L",970,3,2910,16.023,15542.31,no
2026-03-27,L14,LINEA 14,1,3055602,"LYSOL,CO,FRESH DP 800 ML",1224,12,14688,10.338,12653.712,no
2026-03-27,L14,LINEA 14,2,3055603,"LYSOL,CR,LAVANDA DP 800 ML",1070,12,12840,10.338,11061.66,no
2026-03-27,L19,LINEA 19,1,3279149,"WLITE,CO,BLACK 1.8L X6",1528,6,9168,11.892,18170.976,no
2026-03-27,L19,LINEA 19,2,3279149,"WLITE,CO,BLACK 1.8L X6",655,6,3930,11.892,7789.26,no
2026-03-27,L19,LINEA 19,2,3279168,"WLITE,CO,P&C 1.8L X6",660,6,3960,11.892,7848.72,no
2026-03-27,L20,LINEA 20,1,3303242,"VANSH,CO,POLVO ROSA 850GRX6",2075,6,12450,5.495,11402.125,no
2026-03-27,L22,LINEA 22,2,3251824,"VANSH,CO,450ML WHITEX24",1250,24,30000,11.925,14906.25,no
2026-03-28,L10_50,LINEA 10,1,3102524,"SANPC,CO,5 L X 3 VAINILLA",0,3,0,16.023,0,no
2026-03-28,L10_50,LINEA 10,1,3331346,"SANPC,CO,OASIS DE LAVANDA 5L",1019,3,3057,16.023,16327.437,no
2026-03-28,L14,LINEA 14,1,3055603,"LYSOL,CR,LAVANDA DP 800 ML",1067,12,12804,10.338,11030.646,no
2026-03-28,L14,LINEA 14,2,3055603,"LYSOL,CR,LAVANDA DP 800 ML",983,12,11796,10.338,10162.254,no
2026-03-28,L19,LINEA 19,1,3279168,"WLITE,CO,P&C 1.8L X6",1261,6,7566,11.892,14995.812,no
2026-03-28,L19,LINEA 19,2,3279168,"WLITE,CO,P&C 1.8L X6",1314,6,7884,11.892,15626.088,no
2026-03-28,L20,LINEA 20,1,3303200,"VANSH,CO,POLVO BLANCO 100GRX24",0,24,0,2.561,0,no
2026-03-28,L20,LINEA 20,1,3303242,"VANSH,CO,POLVO ROSA 850GRX6",673,6,4038,5.495,3698.135,no
2026-03-28,L22,LINEA 22,2,3251824,"VANSH,CO,450ML WHITEX24",1069,24,25656,11.925,12747.825,no
2026-03-30,L10_50,LINEA 10,1,3102524,"SANPC,CO,5 L X 3 VAINILLA",1407,3,4221,16.023,22544.361,no
2026-03-30,L14,LINEA 14,1,3055603,"LYSOL,CR,LAVANDA DP 800 ML",995,12,11940,10.338,10286.31,no
2026-03-30,L14,LINEA 14,2,3055603,"LYSOL,CR,LAVANDA DP 800 ML",850,12,10200,10.338,8787.3,no
2026-03-30,L16,LINEA 16,1,3303202,"VANSH,CO,POLVO BLANCO 30GRX144",387,144,55728,4.9,1896.3,no
2026-03-30,L16,LINEA 16,2,3303202,"VANSH,CO,POLVO BLANCO 30GRX144",197,144,28368,4.9,965.3,no
2026-03-30,L19,LINEA 19,1,3279168,"WLITE,CO,P&C 1.8L X6",1272,6,7632,11.892,15126.624,no
2026-03-30,L20,LINEA 20,1,3303200,"VANSH,CO,POLVO BLANCO 100GRX24",693,24,16632,2.561,1774.773,no
2026-03-30,L22,LINEA 22,1,3251824,"VANSH,CO,450ML WHITEX24",1165,24,27960,11.925,13892.625,no
2026-03-30,L22,LINEA 22,2,3251824,"VANSH,CO,450ML WHITEX24",1041,24,24984,11.925,12413.925,no
2026-04-01,L10_50,LINEA 10,1,3102524,"SANPC,CO,5 L X 3 VAINILLA",682,3,2046,16.023,10927.686,no
2026-04-01,L10_50,LINEA 10,1,3245286,"SANPC,CO,SANPIC VAINILLA 3L X4",0,4,0,12.806,0,no
2026-04-01,L14,LINEA 14,1,3056627,"BRASO,CR,DEGREASER DP 900 ML",1004,12,12048,11.748,11794.992,no
2026-04-01,L14,LINEA 14,2,3056627,"BRASO,CR,DEGREASER DP 900 ML",1000,12,12000,11.748,11748,no
2026-04-01,L16,LINEA 16,1,3303202,"VANSH,CO,POLVO BLANCO 30GRX144",357,144,51408,4.9,1749.3,no
2026-04-01,L16,LINEA 16,1,3303202,"VANSH,CO,POLVO BLANCO 30GRX144",107,144,15408,4.9,524.3,no
2026-04-01,L19,LINEA 19,1,3279149,"WLITE,CO,BLACK 1.8L X6",630,6,3780,11.892,7491.96,no
2026-04-01,L19,LINEA 19,1,3279149,"WLITE,CO,BLACK 1.8L X6",141,6,846,11.892,1676.772,no
2026-04-01,L19,LINEA 19,1,3279168,"WLITE,CO,P&C 1.8L X6",605,6,3630,11.892,7194.66,no
2026-04-01,L20,LINEA 20,1,3303200,"VANSH,CO,POLVO BLANCO 100GRX24",744,24,17856,2.561,1905.384,no
2026-04-01,L22,LINEA 22,1,3251824,"VANSH,CO,450ML WHITEX24",413,24,9912,11.925,4925.025,no
2026-04-01,L22,LINEA 22,1,3251824,"VANSH,CO,450ML WHITEX24",797,24,19128,11.925,9504.225,no
2026-04-01,L22,LINEA 22,2,3251823,"VANSH,CO,450ML PINKX24",1093,24,26232,11.925,13034.025,no
2026-04-01,L22,LINEA 22,2,3251824,"VANSH,CO,450ML WHITEX24",103,24,2472,11.925,1228.275,no
2026-04-04,L10_50,LINEA 10,1,3245286,"SANPC,CO,SANPIC VAINILLA 3L X4",1279,4,5116,12.806,16378.874,no
2026-04-04,L14,LINEA 14,1,3056627,"BRASO,CR,DEGREASER DP 900 ML",790,12,9480,11.748,9280.92,no
2026-04-04,L14,LINEA 14,2,3056627,"BRASO,CR,DEGREASER DP 900 ML",363,12,4356,11.748,4264.524,no
2026-04-04,L14,LINEA 14,2,3331342,"SANPC,ES,OASIS DE LAVAN 1000ML",0,12,0,12.725,0,no
2026-04-04,L16,LINEA 16,1,3303202,"VANSH,CO,POLVO BLANCO 30GRX144",363,144,52272,4.9,1778.7,no
2026-04-04,L18_21,LINEA 18,1,3097733,"VANSH,CR,GEL PINK 100ML CAM",0,72,0,7.896,0,no
2026-04-04,L19,LINEA 19,1,3279149,"WLITE,CO,BLACK 1.8L X6",1293,6,7758,11.892,15376.356,no
2026-04-04,L20,LINEA 20,1,3303200,"VANSH,CO,POLVO BLANCO 100GRX24",294,24,7056,2.561,752.934,no
2026-04-04,L20,LINEA 20,1,3303200,"VANSH,CO,POLVO BLANCO 100GRX24",478,24,11472,2.561,1224.158,no
2026-04-04,L22,LINEA 22,1,3251823,"VANSH,CO,450ML PINKX24",1128,24,27072,11.925,13451.4,no
2026-04-04,L22,LINEA 22,2,3251823,"VANSH,CO,450ML PINKX24",1093,24,26232,11.925,13034.025,no
2026-04-06,L10_50,LINEA 10,2,3245286,"SANPC,CO,SANPIC VAINILLA 3L X4",1357,4,5428,12.806,17377.742,no
2026-04-06,L10_50,LINEA 10,2,3252381,"VANSH,CO,1800ML WHITEX6",0,6,0,12.011,0,no
2026-04-06,L14,LINEA 14,1,3331342,"SANPC,ES,OASIS DE LAVAN 1000ML",598,12,7176,12.725,7609.55,no
2026-04-06,L14,LINEA 14,2,3331342,"SANPC,ES,OASIS DE LAVAN 1000ML",962,12,11544,12.725,12241.45,no
2026-04-06,L18_21,LINEA 18,1,3097733,"VANSH,CR,GEL PINK 100ML CAM",671,72,48312,7.896,5298.216,no
2026-04-06,L19,LINEA 19,1,3279149,"WLITE,CO,BLACK 1.8L X6",1288,6,7728,11.892,15316.896,no
2026-04-06,L19,LINEA 19,2,3279149,"WLITE,CO,BLACK 1.8L X6",1145,6,6870,11.892,13616.34,no
2026-04-06,L19,LINEA 19,2,3282079,"VANSH,CO, 1800ML BLANCO X6 DP",0,6,0,11.852,0,no
2026-04-06,L20,LINEA 20,1,3303200,"VANSH,CO,POLVO BLANCO 100GRX24",893,24,21432,2.561,2286.973,no
2026-04-06,L22,LINEA 22,1,3162876,"SANPC,CO,VAINILLA 200ML DP",0,64,0,14.158,0,no
2026-04-06,L22,LINEA 22,1,3251823,"VANSH,CO,450ML PINKX24",595,24,14280,11.925,7095.375,no
2026-04-07,L10_50,LINEA 10,2,3252381,"VANSH,CO,1800ML WHITEX6",2366,6,14196,12.011,28418.026,no
2026-04-07,L10_50,LINEA 10,2,3252382,"VANSH,CO,900ML WHITEX12",22,12,264,11.995,263.89,no
2026-04-07,L14,LINEA 14,1,3331342,"SANPC,ES,OASIS DE LAVAN 1000ML",794,12,9528,12.725,10103.65,no
2026-04-07,L14,LINEA 14,2,3101148,"SANPC,CO,1000 ML X 12 VAINILLA",500,12,6000,12.725,6362.5,no
2026-04-07,L14,LINEA 14,2,3331342,"SANPC,ES,OASIS DE LAVAN 1000ML",150,12,1800,12.725,1908.75,no
2026-04-07,L18_21,LINEA 18,1,3097733,"VANSH,CR,GEL PINK 100ML CAM",989,72,71208,7.896,7809.144,no
2026-04-07,L19,LINEA 19,1,3282079,"VANSH,CO, 1800ML BLANCO X6 DP",1242,6,7452,11.852,14720.184,no
2026-04-07,L19,LINEA 19,2,3282079,"VANSH,CO, 1800ML BLANCO X6 DP",1628,6,9768,11.852,19295.056,no
2026-04-07,L20,LINEA 20,1,3303200,"VANSH,CO,POLVO BLANCO 100GRX24",453,24,10872,2.561,1160.133,no
2026-04-07,L20,LINEA 20,1,3303201,"VANSH,CO,POLVO ROSA 100GRX24",333,24,7992,2.561,852.813,no
2026-04-07,L22,LINEA 22,1,3162876,"SANPC,CO,VAINILLA 200ML DP",574,64,36736,14.158,8126.692,no
2026-04-08,L10_50,LINEA 10,2,3252382,"VANSH,CO,900ML WHITEX12",1180,12,14160,11.995,14154.1,no
2026-04-08,L14,LINEA 14,1,3101148,"SANPC,CO,1000 ML X 12 VAINILLA",740,12,8880,12.725,9416.5,no
2026-04-08,L14,LINEA 14,1,3101150,"SANPC,CO,450 ML X 24 VAINILLA",0,24,0,11.856,0,no
2026-04-08,L14,LINEA 14,2,3101150,"SANPC,CO,450 ML X 24 VAINILLA",428,24,10272,11.856,5074.368,no
2026-04-08,L18_21,LINEA 18,1,3097733,"VANSH,CR,GEL PINK 100ML CAM",1033,72,74376,7.896,8156.568,no
2026-04-08,L19,LINEA 19,1,3252557,"VANSH,CO,1800ML WHITE X6 DP",350,6,2100,11.852,4148.2,no
2026-04-08,L19,LINEA 19,1,3282079,"VANSH,CO, 1800ML BLANCO X6 DP",1165,6,6990,11.852,13807.58,no
2026-04-08,L19,LINEA 19,2,3252557,"VANSH,CO,1800ML WHITE X6 DP",1652,6,9912,11.852,19579.504,no
2026-04-08,L20,LINEA 20,1,3303201,"VANSH,CO,POLVO ROSA 100GRX24",961,24,23064,2.561,2461.121,no
2026-04-08,L22,LINEA 22,1,3162876,"SANPC,CO,VAINILLA 200ML DP",566,64,36224,14.158,8013.428,no
2026-04-09,L10_50,LINEA 10,2,3252382,"VANSH,CO,900ML WHITEX12",2496,12,29952,11.995,29939.52,no
2026-04-09,L14,LINEA 14,1,3101150,"SANPC,CO,450 ML X 24 VAINILLA",861,24,20664,11.856,10208.016,no
2026-04-09,L14,LINEA 14,2,3101150,"SANPC,CO,450 ML X 24 VAINILLA",106,24,2544,11.856,1256.736,no
2026-04-09,L14,LINEA 14,2,3101151,"SANPC,CO,450 ML X 24 C&M",430,24,10320,11.856,5098.08,no
2026-04-09,L16,LINEA 16,1,16,MANTENIMIENTO LINEA 16,0,,0.0,,0,si
2026-04-09,L18_21,LINEA 18,1,3065105,"VANSH,CO,100MLX72 PINK GOLD",513,72,36936,8.133,4172.229,no
2026-04-09,L18_21,LINEA 18,1,3097733,"VANSH,CR,GEL PINK 100ML CAM",387,72,27864,7.896,3055.752,no
2026-04-09,L19,LINEA 19,1,3252557,"VANSH,CO,1800ML WHITE X6 DP",1589,6,9534,11.852,18832.828,no
2026-04-09,L19,LINEA 19,2,3252557,"VANSH,CO,1800ML WHITE X6 DP",457,6,2742,11.852,5416.364,no
2026-04-09,L19,LINEA 19,2,3252560,"VANSH,CO,1800ML PINKX6 DP",1111,6,6666,11.852,13167.572,no
2026-04-09,L20,LINEA 20,1,3303201,"VANSH,CO,POLVO ROSA 100GRX24",958,24,22992,2.561,2453.438,no
2026-04-09,L22,LINEA 22,1,3162876,"SANPC,CO,VAINILLA 200ML DP",639,64,40896,14.158,9046.962,no
2026-04-10,L10_50,LINEA 10,2,3252382,"VANSH,CO,900ML WHITEX12",1034,12,12408,11.995,12402.83,no
2026-04-10,L10_50,LINEA 10,2,3252385,"VANSH,CO,900ML PINKX12",1388,12,16656,11.995,16649.06,no
2026-04-10,L14,LINEA 14,1,3101151,"SANPC,CO,450 ML X 24 C&M",894,24,21456,11.856,10599.264,no
2026-04-10,L14,LINEA 14,2,20382,"MANSN,CO,DOYPACK TCOLOR500ML",120,24,2880,13.196,1583.52,no
2026-04-10,L14,LINEA 14,2,3101151,"SANPC,CO,450 ML X 24 C&M",62,24,1488,11.856,735.072,no
2026-04-10,L16,LINEA 16,1,16,MANTENIMIENTO LINEA 16,0,,0.0,,0,si
2026-04-10,L18_21,LINEA 18,1,3065105,"VANSH,CO,100MLX72 PINK GOLD",257,72,18504,8.133,2090.181,no
2026-04-10,L18_21,LINEA 18,1,3065105,"VANSH,CO,100MLX72 PINK GOLD",114,72,8208,8.133,927.162,no
2026-04-10,L18_21,LINEA 18,1,3065105,"VANSH,CO,100MLX72 PINK GOLD",117,72,8424,8.133,951.561,no
2026-04-10,L19,LINEA 19,1,3252560,"VANSH,CO,1800ML PINKX6 DP",1469,6,8814,11.852,17410.588,no
2026-04-10,L19,LINEA 19,2,3252560,"VANSH,CO,1800ML PINKX6 DP",435,6,2610,11.852,5155.62,no
2026-04-10,L19,LINEA 19,2,3282078,"VANSH,CO,VANISH PINK 1.8LX6 DP",924,6,5544,11.852,10951.248,no
2026-04-10,L20,LINEA 20,1,3303201,"VANSH,CO,POLVO ROSA 100GRX24",409,24,9816,2.561,1047.449,no
2026-04-10,L20,LINEA 20,1,3303246,"VANSH,CO,POLVO BLANCO 120GRX24",448,24,10752,2.561,1147.328,no
2026-04-10,L22,LINEA 22,1,3162876,"SANPC,CO,VAINILLA 200ML DP",467,64,29888,14.158,6611.786,no
2026-04-10,L22,LINEA 22,1,3331339,"SANPC,CO,MANZANA VERDE  200ML",96,6,576,12.851,1233.696,no
2026-04-11,L10_50,LINEA 10,2,3252385,"VANSH,CO,900ML PINKX12",2324,12,27888,11.995,27876.38,no
2026-04-11,L14,LINEA 14,1,20382,"MANSN,CO,DOYPACK TCOLOR500ML",541,24,12984,13.196,7139.036,no
2026-04-11,L14,LINEA 14,2,3058645,"SANPC,CO,HERBAL DP 445 ML",392,24,9408,11.631,4559.352,no
2026-04-11,L16,LINEA 16,1,3303202,"VANSH,CO,POLVO BLANCO 30GRX144",476,144,68544,4.9,2332.4,no
2026-04-11,L18_21,LINEA 18,1,3065105,"VANSH,CO,100MLX72 PINK GOLD",355,72,25560,8.133,2887.215,no
2026-04-11,L18_21,LINEA 18,1,3097733,"VANSH,CR,GEL PINK 100ML CAM",95,72,6840,7.896,750.12,no
2026-04-11,L19,LINEA 19,1,3282078,"VANSH,CO,VANISH PINK 1.8LX6 DP",1366,6,8196,11.852,16189.832,no
2026-04-11,L19,LINEA 19,2,3282078,"VANSH,CO,VANISH PINK 1.8LX6 DP",1364,6,8184,11.852,16166.128,no
2026-04-11,L20,LINEA 20,1,3303246,"VANSH,CO,POLVO BLANCO 120GRX24",788,24,18912,2.561,2018.068,no
2026-04-11,L22,LINEA 22,1,3331339,"SANPC,CO,MANZANA VERDE  200ML",539,6,3234,12.851,6926.689,no
2026-04-13,L10_50,LINEA 10,1,3252385,"VANSH,CO,900ML PINKX12",1044,12,12528,11.995,12522.78,no
2026-04-13,L14,LINEA 14,1,3058645,"SANPC,CO,HERBAL DP 445 ML",804,24,19296,11.631,9351.324,no
2026-04-13,L14,LINEA 14,2,3058645,"SANPC,CO,HERBAL DP 445 ML",782,24,18768,11.631,9095.442,no
2026-04-13,L16,LINEA 16,1,3303202,"VANSH,CO,POLVO BLANCO 30GRX144",472,144,67968,4.9,2312.8,no
2026-04-13,L18_21,LINEA 18,1,3097733,"VANSH,CR,GEL PINK 100ML CAM",546,72,39312,7.896,4311.216,no
2026-04-13,L19,LINEA 19,1,3251822,"VANSH,CO,800ML PINKX12",170,12,2040,10.463,1778.71,no
2026-04-13,L19,LINEA 19,1,3282078,"VANSH,CO,VANISH PINK 1.8LX6 DP",478,6,2868,11.852,5665.256,no
2026-04-13,L19,LINEA 19,2,3251822,"VANSH,CO,800ML PINKX12",1236,12,14832,10.463,12932.268,no
2026-04-13,L20,LINEA 20,1,3303107,"VANSH,AR,POLVO BLANCO 120GRX24",583,24,13992,2.561,1493.063,no
2026-04-13,L20,LINEA 20,1,3303246,"VANSH,CO,POLVO BLANCO 120GRX24",260,24,6240,2.561,665.86,no
2026-04-13,L20,LINEA 20,2,3303107,"VANSH,AR,POLVO BLANCO 120GRX24",889,24,21336,2.561,2276.729,no
2026-04-13,L22,LINEA 22,1,3331339,"SANPC,CO,MANZANA VERDE  200ML",637,6,3822,12.851,8186.087,no
2026-04-13,L22,LINEA 22,2,3251828,"VANSH,CO,130 ML PINK X64",152,64,9728,9.891,1503.432,no
2026-04-13,L22,LINEA 22,2,3331339,"SANPC,CO,MANZANA VERDE  200ML",308,6,1848,12.851,3958.108,no
2026-04-14,L10_50,LINEA 10,1,3295332,VANISH PINK GALON X4,722,4,2888,16.66,12028.52,no
2026-04-14,L14,LINEA 14,1,3055604,"SANPC,CR,LAVENDER DP 445 ML",396,24,9504,11.634,4607.064,no
2026-04-14,L14,LINEA 14,1,3058645,"SANPC,CO,HERBAL DP 445 ML",236,24,5664,11.631,2744.916,no
2026-04-14,L14,LINEA 14,2,3055604,"SANPC,CR,LAVENDER DP 445 ML",903,24,21672,11.634,10505.502,no
2026-04-14,L16,LINEA 16,1,3303202,"VANSH,CO,POLVO BLANCO 30GRX144",281,144,40464,4.9,1376.9,no
2026-04-14,L18_21,LINEA 18,1,3097733,"VANSH,CR,GEL PINK 100ML CAM",446,72,32112,7.896,3521.616,no
2026-04-14,L18_21,LINEA 18,1,3097734,"VANSH,CR,GEL BLANCO 100ML CAM",441,72,31752,8.163,3599.883,no
2026-04-14,L19,LINEA 19,1,3251822,"VANSH,CO,800ML PINKX12",972,12,11664,10.463,10170.036,no
2026-04-14,L19,LINEA 19,2,3251822,"VANSH,CO,800ML PINKX12",1212,12,14544,10.463,12681.156,no
2026-04-14,L20,LINEA 20,1,3303107,"VANSH,AR,POLVO BLANCO 120GRX24",899,24,21576,2.561,2302.339,no
2026-04-14,L20,LINEA 20,2,3303107,"VANSH,AR,POLVO BLANCO 120GRX24",866,24,20784,2.561,2217.826,no
2026-04-14,L22,LINEA 22,1,3251828,"VANSH,CO,130 ML PINK X64",615,64,39360,9.891,6082.965,no
2026-04-14,L22,LINEA 22,2,3251828,"VANSH,CO,130 ML PINK X64",624,64,39936,9.891,6171.984,no
2026-04-15,L10_50,LINEA 10,1,3295332,VANISH PINK GALON X4,1603,4,6412,16.66,26705.98,no
2026-04-15,L14,LINEA 14,1,3055604,"SANPC,CR,LAVENDER DP 445 ML",831,24,19944,11.634,9667.854,no
2026-04-15,L14,LINEA 14,2,3055604,"SANPC,CR,LAVENDER DP 445 ML",374,24,8976,11.634,4351.116,no
2026-04-15,L14,LINEA 14,2,3279143,"WLITE,CO,BLACK 900ML DPX12",0,12,0,11.823,0,no
2026-04-15,L16,LINEA 16,1,3303202,"VANSH,CO,POLVO BLANCO 30GRX144",446,144,64224,4.9,2185.4,no
2026-04-15,L18_21,LINEA 18,1,3097734,"VANSH,CR,GEL BLANCO 100ML CAM",959,72,69048,8.163,7828.317,no
2026-04-15,L19,LINEA 19,1,3251822,"VANSH,CO,800ML PINKX12",900,12,10800,10.463,9416.7,no
2026-04-15,L19,LINEA 19,2,3251821,"VANSH,CO,800ML WHITEX12",1050,12,12600,10.463,10986.15,no
2026-04-15,L19,LINEA 19,2,3251822,"VANSH,CO,800ML PINKX12",69,12,828,10.463,721.947,no
2026-04-15,L20,LINEA 20,1,3303107,"VANSH,AR,POLVO BLANCO 120GRX24",562,24,13488,2.561,1439.282,no
2026-04-15,L20,LINEA 20,1,3303108,"VANSH,AR,POLVO ROSA 120GRX24",285,24,6840,3.056,870.96,no
2026-04-15,L20,LINEA 20,2,3303108,"VANSH,AR,POLVO ROSA 120GRX24",862,24,20688,3.056,2634.272,no
2026-04-15,L22,LINEA 22,1,3251828,"VANSH,CO,130 ML PINK X64",560,64,35840,9.891,5538.96,no
2026-04-15,L22,LINEA 22,2,3251828,"VANSH,CO,130 ML PINK X64",627,64,40128,9.891,6201.657,no
2026-04-16,L10_50,LINEA 10,1,3295332,VANISH PINK GALON X4,1180,4,4720,16.66,19658.8,no
2026-04-16,L14,LINEA 14,1,3279143,"WLITE,CO,BLACK 900ML DPX12",928,12,11136,11.823,10971.744,no
2026-04-16,L14,LINEA 14,2,3279143,"WLITE,CO,BLACK 900ML DPX12",997,12,11964,11.823,11787.531,no
2026-04-16,L16,LINEA 16,1,3303202,"VANSH,CO,POLVO BLANCO 30GRX144",502,144,72288,4.9,2459.8,no
2026-04-16,L18_21,LINEA 18,1,3097734,"VANSH,CR,GEL BLANCO 100ML CAM",883,72,63576,8.163,7207.929,no
2026-04-16,L19,LINEA 19,1,3251821,"VANSH,CO,800ML WHITEX12",1184,12,14208,10.463,12388.192,no
2026-04-16,L19,LINEA 19,2,3251821,"VANSH,CO,800ML WHITEX12",1200,12,14400,10.463,12555.6,no
2026-04-16,L20,LINEA 20,1,3303108,"VANSH,AR,POLVO ROSA 120GRX24",393,24,9432,3.056,1201.008,no
2026-04-16,L20,LINEA 20,1,3303204,"VANSH,CO,POLVO ROSA 120GRX24",448,24,10752,3.052,1367.296,no
2026-04-16,L20,LINEA 20,2,3303204,"VANSH,CO,POLVO ROSA 120GRX24",874,24,20976,3.052,2667.448,no
2026-04-16,L22,LINEA 22,1,3251828,"VANSH,CO,130 ML PINK X64",566,64,36224,9.891,5598.306,no
2026-04-16,L22,LINEA 22,2,3251828,"VANSH,CO,130 ML PINK X64",583,64,37312,9.891,5766.453,no
2026-04-17,L10_50,LINEA 10,1,3295332,VANISH PINK GALON X4,1670,4,6680,16.66,27822.2,no
2026-04-17,L10_50,LINEA 10,1,3295333,VANISH WHITE GALÓN X4,109,4,436,16.66,1815.94,no
2026-04-17,L14,LINEA 14,1,3279143,"WLITE,CO,BLACK 900ML DPX12",634,12,7608,11.823,7495.782,no
2026-04-17,L14,LINEA 14,1,3279164,"WLITE,CO,P&C 900ML X12",120,12,1440,11.823,1418.76,no
2026-04-17,L14,LINEA 14,2,3279164,"WLITE,CO,P&C 900ML X12",884,12,10608,11.823,10451.532,no
2026-04-17,L16,LINEA 16,1,3303202,"VANSH,CO,POLVO BLANCO 30GRX144",205,144,29520,4.9,1004.5,no
2026-04-17,L18_21,LINEA 18,1,3097734,"VANSH,CR,GEL BLANCO 100ML CAM",1036,72,74592,8.163,8456.868,no
2026-04-17,L19,LINEA 19,1,3251821,"VANSH,CO,800ML WHITEX12",1037,12,12444,10.463,10850.131,no
2026-04-17,L19,LINEA 19,2,3251826,"VANSH,CO,300MLX48 WHITE",165,48,7920,15.359,2534.235,no
2026-04-17,L20,LINEA 20,1,3303204,"VANSH,CO,POLVO ROSA 120GRX24",174,24,4176,3.052,531.048,no
2026-04-17,L20,LINEA 20,1,3303238,"VANSH,CO,ROSA DP 450GRX12",131,12,1572,5.831,763.861,no
2026-04-17,L20,LINEA 20,2,3303238,"VANSH,CO,ROSA DP 450GRX12",968,12,11616,5.831,5644.408,no
2026-04-17,L22,LINEA 22,1,3251827,"VANSH,CO,130 ML WHITE X64",236,64,15104,9.891,2334.276,no
2026-04-17,L22,LINEA 22,1,3251828,"VANSH,CO,130 ML PINK X64",254,64,16256,9.891,2512.314,no
2026-04-17,L22,LINEA 22,2,3251827,"VANSH,CO,130 ML WHITE X64",629,64,40256,9.891,6221.439,no
2026-04-18,L10_50,LINEA 10,1,3295333,VANISH WHITE GALÓN X4,417,4,1668,16.66,6947.22,no
2026-04-18,L14,LINEA 14,1,3279164,"WLITE,CO,P&C 900ML X12",255,12,3060,11.823,3014.865,no
2026-04-18,L14,LINEA 14,2,3279164,"WLITE,CO,P&C 900ML X12",184,12,2208,11.823,2175.432,no
2026-04-18,L18_21,LINEA 18,1,3097734,"VANSH,CR,GEL BLANCO 100ML CAM",296,72,21312,8.163,2416.248,no
2026-04-18,L19,LINEA 19,2,3251826,"VANSH,CO,300MLX48 WHITE",123,48,5904,15.359,1889.157,no
2026-04-18,L20,LINEA 20,1,3303106,"VANSH,AR,ROSA DP 450GRX12",108,12,1296,5.831,629.748,no
2026-04-18,L20,LINEA 20,1,3303238,"VANSH,CO,ROSA DP 450GRX12",157,12,1884,5.831,915.467,no
2026-04-18,L20,LINEA 20,2,3303106,"VANSH,AR,ROSA DP 450GRX12",313,12,3756,5.831,1825.103,no
2026-04-18,L22,LINEA 22,1,3251827,"VANSH,CO,130 ML WHITE X64",168,64,10752,9.891,1661.688,no
2026-04-18,L22,LINEA 22,2,3251827,"VANSH,CO,130 ML WHITE X64",133,64,8512,9.891,1315.503,no
2026-04-20,L10_50,LINEA 10,1,3295333,VANISH WHITE GALÓN X4,1752,4,7008,16.66,29188.32,no
2026-04-20,L14,LINEA 14,1,3279164,"WLITE,CO,P&C 900ML X12",984,12,11808,11.823,11633.832,no
2026-04-20,L14,LINEA 14,2,3206376,"WLITE,CO,900ML X 12 BEBE",696,12,8352,11.838,8239.248,no
2026-04-20,L14,LINEA 14,2,3279164,"WLITE,CO,P&C 900ML X12",118,12,1416,11.823,1395.114,no
2026-04-20,L18_21,LINEA 18,1,3097734,"VANSH,CR,GEL BLANCO 100ML CAM",1000,72,72000,8.163,8163,no
2026-04-20,L19,LINEA 19,1,3251826,"VANSH,CO,300MLX48 WHITE",612,48,29376,15.359,9399.708,no
2026-04-20,L19,LINEA 19,2,3251826,"VANSH,CO,300MLX48 WHITE",595,48,28560,15.359,9138.605,no
2026-04-20,L20,LINEA 20,1,3303106,"VANSH,AR,ROSA DP 450GRX12",922,12,11064,5.831,5376.182,no
2026-04-20,L20,LINEA 20,2,3303075,"VANSH,AR,BLANCO DP 450GRX12",149,12,1788,5.831,868.819,no
2026-04-20,L20,LINEA 20,2,3303106,"VANSH,AR,ROSA DP 450GRX12",978,12,11736,5.831,5702.718,no
2026-04-20,L22,LINEA 22,1,3251827,"VANSH,CO,130 ML WHITE X64",157,64,10048,9.891,1552.887,no
2026-04-20,L22,LINEA 22,1,3251827,"VANSH,CO,130 ML WHITE X64",0,64,0,9.891,0,no
2026-04-20,L22,LINEA 22,2,3251827,"VANSH,CO,130 ML WHITE X64",425,64,27200,9.891,4203.675,no
2026-04-21,L10_50,LINEA 10,1,3295333,VANISH WHITE GALÓN X4,1058,4,4232,16.66,17626.28,no
2026-04-21,L10_50,LINEA 10,1,3295335,WOOLITE P&C GALÓN X4,0,4,0,16.66,0,no
2026-04-21,L14,LINEA 14,1,3206376,"WLITE,CO,900ML X 12 BEBE",876,12,10512,11.838,10370.088,no
2026-04-21,L14,LINEA 14,2,3059366,"LYSOL,CO,CITRUS DP 800 ML",0,12,0,10.338,0,no
2026-04-21,L14,LINEA 14,2,3206376,"WLITE,CO,900ML X 12 BEBE",327,12,3924,11.838,3871.026,no
2026-04-21,L18_21,LINEA 18,1,3097734,"VANSH,CR,GEL BLANCO 100ML CAM",834,72,60048,8.163,6807.942,no
2026-04-21,L19,LINEA 19,1,3251826,"VANSH,CO,300MLX48 WHITE",525,48,25200,15.359,8063.475,no
2026-04-21,L19,LINEA 19,2,3251826,"VANSH,CO,300MLX48 WHITE",535,48,25680,15.359,8217.065,no
2026-04-21,L20,LINEA 20,1,3303075,"VANSH,AR,BLANCO DP 450GRX12",1030,12,12360,5.831,6005.93,no
2026-04-21,L20,LINEA 20,2,3303075,"VANSH,AR,BLANCO DP 450GRX12",441,12,5292,5.831,2571.471,no
2026-04-21,L20,LINEA 20,2,3303239,"VANSH,CO,BLANCO DP 450GRX12",523,12,6276,5.831,3049.613,no
2026-04-21,L22,LINEA 22,1,3251827,"VANSH,CO,130 ML WHITE X64",65,64,4160,9.891,642.915,no
2026-04-21,L22,LINEA 22,1,3251827,"VANSH,CO,130 ML WHITE X64",303,64,19392,9.891,2996.973,no
2026-04-21,L22,LINEA 22,2,3251827,"VANSH,CO,130 ML WHITE X64",539,64,34496,9.891,5331.249,no
2026-04-22,L10_50,LINEA 10,1,3295335,WOOLITE P&C GALÓN X4,912,4,3648,16.66,15193.92,no
2026-04-22,L14,LINEA 14,1,3059366,"LYSOL,CO,CITRUS DP 800 ML",1117,12,13404,10.338,11547.546,no
2026-04-22,L14,LINEA 14,2,3055602,"LYSOL,CO,FRESH DP 800 ML",530,12,6360,10.338,5479.14,no
2026-04-22,L14,LINEA 14,2,3059366,"LYSOL,CO,CITRUS DP 800 ML",474,12,5688,10.338,4900.212,no
2026-04-22,L18_21,LINEA 18,1,3097734,"VANSH,CR,GEL BLANCO 100ML CAM",620,72,44640,8.163,5061.06,no
2026-04-22,L19,LINEA 19,1,3251826,"VANSH,CO,300MLX48 WHITE",656,48,31488,15.359,10075.504,no
2026-04-22,L19,LINEA 19,2,3251826,"VANSH,CO,300MLX48 WHITE",608,48,29184,15.359,9338.272,no
2026-04-22,L20,LINEA 20,1,3303239,"VANSH,CO,BLANCO DP 450GRX12",1199,12,14388,5.831,6991.369,no
2026-04-22,L20,LINEA 20,2,3303109,"VANSH,AR,POLVO BLANCO 850GRX6",216,6,1296,5.495,1186.92,no
2026-04-22,L20,LINEA 20,2,3303239,"VANSH,CO,BLANCO DP 450GRX12",662,12,7944,5.831,3860.122,no
2026-04-22,L22,LINEA 22,1,3251827,"VANSH,CO,130 ML WHITE X64",610,64,39040,9.891,6033.51,no
2026-04-22,L22,LINEA 22,2,3251827,"VANSH,CO,130 ML WHITE X64",613,64,39232,9.891,6063.183,no
2026-04-23,L10_50,LINEA 10,1,3295335,WOOLITE P&C GALÓN X4,1679,4,6716,16.66,27972.14,no
2026-04-23,L14,LINEA 14,1,3055602,"LYSOL,CO,FRESH DP 800 ML",1050,12,12600,10.338,10854.9,no
2026-04-23,L14,LINEA 14,2,3055602,"LYSOL,CO,FRESH DP 800 ML",81,12,972,10.338,837.378,no
2026-04-23,L14,LINEA 14,2,3055603,"LYSOL,CR,LAVANDA DP 800 ML",800,12,9600,10.338,8270.4,no
2026-04-23,L18_21,LINEA 18,1,3097734,"VANSH,CR,GEL BLANCO 100ML CAM",111,72,7992,8.163,906.093,no
2026-04-23,L19,LINEA 19,1,3251826,"VANSH,CO,300MLX48 WHITE",594,48,28512,15.359,9123.246,no
2026-04-23,L19,LINEA 19,2,3251826,"VANSH,CO,300MLX48 WHITE",500,48,24000,15.359,7679.5,no
2026-04-23,L20,LINEA 20,1,3303109,"VANSH,AR,POLVO BLANCO 850GRX6",1594,6,9564,5.495,8759.03,no
2026-04-23,L20,LINEA 20,2,3303109,"VANSH,AR,POLVO BLANCO 850GRX6",332,6,1992,5.495,1824.34,no
2026-04-23,L20,LINEA 20,2,3303243,"VANSH,CO,POLVO BLANCO 850GRX6",1062,6,6372,5.495,5835.69,no
2026-04-23,L22,LINEA 22,1,3251824,"VANSH,CO,450ML WHITEX24",681,24,16344,11.925,8120.925,no
2026-04-23,L22,LINEA 22,2,3251824,"VANSH,CO,450ML WHITEX24",1101,24,26424,11.925,13129.425,no
2026-04-24,L10_50,LINEA 10,1,3295334,WOOLITE BLACK GALÓN X4,1395,4,5580,16.66,23240.7,no
2026-04-24,L10_50,LINEA 10,1,3295335,WOOLITE P&C GALÓN X4,169,4,676,16.66,2815.54,no
2026-04-24,L14,LINEA 14,1,3055603,"LYSOL,CR,LAVANDA DP 800 ML",1086,12,13032,10.338,11227.068,no
2026-04-24,L14,LINEA 14,2,3055603,"LYSOL,CR,LAVANDA DP 800 ML",1140,12,13680,10.338,11785.32,no
2026-04-24,L18_21,LINEA 18,1,3097734,"VANSH,CR,GEL BLANCO 100ML CAM",960,72,69120,8.163,7836.48,no
2026-04-24,L19,LINEA 19,1,3251826,"VANSH,CO,300MLX48 WHITE",625,48,30000,15.359,9599.375,no
2026-04-24,L19,LINEA 19,2,3251825,"VANSH,CO,300ML PINKX48",147,48,7056,15.359,2257.773,no
2026-04-24,L19,LINEA 19,2,3251826,"VANSH,CO,300MLX48 WHITE",392,48,18816,15.359,6020.728,no
2026-04-24,L20,LINEA 20,1,3303110,"VANSH,AR,POLVO ROSA 850GRX6",670,6,4020,5.495,3681.65,no
2026-04-24,L20,LINEA 20,1,3303243,"VANSH,CO,POLVO BLANCO 850GRX6",1132,6,6792,5.495,6220.34,no
2026-04-24,L20,LINEA 20,2,3303110,"VANSH,AR,POLVO ROSA 850GRX6",1506,6,9036,5.495,8275.47,no
2026-04-24,L22,LINEA 22,1,3251824,"VANSH,CO,450ML WHITEX24",1235,24,29640,11.925,14727.375,no
2026-04-24,L22,LINEA 22,2,3251824,"VANSH,CO,450ML WHITEX24",1354,24,32496,11.925,16146.45,no
2026-04-25,L10_50,LINEA 10,1,3295334,WOOLITE BLACK GALÓN X4,428,4,1712,16.66,7130.48,no
2026-04-25,L14,LINEA 14,1,3055603,"LYSOL,CR,LAVANDA DP 800 ML",987,12,11844,10.338,10203.606,no
2026-04-25,L14,LINEA 14,2,3055603,"LYSOL,CR,LAVANDA DP 800 ML",1014,12,12168,10.338,10482.732,no
2026-04-25,L18_21,LINEA 18,1,3065105,"VANSH,CO,100MLX72 PINK GOLD",560,72,40320,8.133,4554.48,no
2026-04-25,L18_21,LINEA 18,1,3097734,"VANSH,CR,GEL BLANCO 100ML CAM",254,72,18288,8.163,2073.402,no
2026-04-25,L18_21,LINEA 18,2,3065105,"VANSH,CO,100MLX72 PINK GOLD",58,72,4176,8.133,471.714,no
2026-04-25,L19,LINEA 19,1,3251825,"VANSH,CO,300ML PINKX48",562,48,26976,15.359,8631.758,no
2026-04-25,L19,LINEA 19,2,3251825,"VANSH,CO,300ML PINKX48",548,48,26304,15.359,8416.732,no
2026-04-25,L20,LINEA 20,1,3276519,"FINSH,CO,POWDER DP 1KGX8",429,8,3432,8.875,3807.375,no
2026-04-25,L20,LINEA 20,2,3276519,"FINSH,CO,POWDER DP 1KGX8",579,8,4632,8.875,5138.625,no
2026-04-25,L22,LINEA 22,1,3251824,"VANSH,CO,450ML WHITEX24",1099,24,26376,11.925,13105.575,no
2026-04-25,L22,LINEA 22,2,3251823,"VANSH,CO,450ML PINKX24",140,24,3360,11.925,1669.5,no
2026-04-25,L22,LINEA 22,2,3251824,"VANSH,CO,450ML WHITEX24",767,24,18408,11.925,9146.475,no
2026-04-27,L10_50,LINEA 10,1,10,MANTENIMIENTO LINEA 10,0,,0.0,,0,si
2026-04-27,L14,LINEA 14,1,3138423,"ESYOF,CO,900MLQG",883,12,10596,11.603,10245.449,no
2026-04-27,L14,LINEA 14,2,3138005,"ESYOF,CO,900 ML X 12 VIDRIOS",300,12,3600,11.523,3456.9,no
2026-04-27,L14,LINEA 14,2,3138423,"ESYOF,CO,900MLQG",719,12,8628,11.603,8342.557,no
2026-04-27,L19,LINEA 19,1,3251825,"VANSH,CO,300ML PINKX48",585,48,28080,15.359,8985.015,no
2026-04-27,L19,LINEA 19,2,3251825,"VANSH,CO,300ML PINKX48",706,48,33888,15.359,10843.454,no
2026-04-27,L20,LINEA 20,1,3276519,"FINSH,CO,POWDER DP 1KGX8",1492,8,11936,8.875,13241.5,no
2026-04-27,L20,LINEA 20,2,3276519,"FINSH,CO,POWDER DP 1KGX8",1600,8,12800,8.875,14200,no
2026-04-27,L22,LINEA 22,1,3251823,"VANSH,CO,450ML PINKX24",1348,24,32352,11.925,16074.9,no
2026-04-27,L22,LINEA 22,2,3251823,"VANSH,CO,450ML PINKX24",1271,24,30504,11.925,15156.675,no
2026-04-28,L10_50,LINEA 10,1,10,MANTENIMIENTO LINEA 10,0,,0.0,,0,si
2026-04-28,L14,LINEA 14,1,3138005,"ESYOF,CO,900 ML X 12 VIDRIOS",1027,12,12324,11.523,11834.121,no
2026-04-28,L14,LINEA 14,2,3101149,"SANPC,CO,1000 ML X 12 C&M",60,12,720,12.725,763.5,no
2026-04-28,L14,LINEA 14,2,3138005,"ESYOF,CO,900 ML X 12 VIDRIOS",314,12,3768,11.523,3618.222,no
2026-04-28,L19,LINEA 19,1,3251825,"VANSH,CO,300ML PINKX48",585,48,28080,15.359,8985.015,no
2026-04-28,L19,LINEA 19,2,3251825,"VANSH,CO,300ML PINKX48",690,48,33120,15.359,10597.71,no
2026-04-28,L20,LINEA 20,1,3276519,"FINSH,CO,POWDER DP 1KGX8",1590,8,12720,8.875,14111.25,no
2026-04-28,L20,LINEA 20,2,3276519,"FINSH,CO,POWDER DP 1KGX8",1417,8,11336,8.875,12575.875,no
2026-04-28,L22,LINEA 22,1,3251823,"VANSH,CO,450ML PINKX24",1341,24,32184,11.925,15991.425,no
2026-04-28,L22,LINEA 22,2,3251823,"VANSH,CO,450ML PINKX24",1273,24,30552,11.925,15180.525,no
2026-04-29,L10_50,LINEA 10,1,10,MANTENIMIENTO LINEA 10,0,,0.0,,0,si
2026-04-29,L14,LINEA 14,1,3101149,"SANPC,CO,1000 ML X 12 C&M",921,12,11052,12.725,11719.725,no
2026-04-29,L14,LINEA 14,2,3101149,"SANPC,CO,1000 ML X 12 C&M",297,12,3564,12.725,3779.325,no
2026-04-29,L19,LINEA 19,1,3251825,"VANSH,CO,300ML PINKX48",670,48,32160,15.359,10290.53,no
2026-04-29,L19,LINEA 19,2,3251825,"VANSH,CO,300ML PINKX48",699,48,33552,15.359,10735.941,no
2026-04-29,L20,LINEA 20,1,3303200,"VANSH,CO,POLVO BLANCO 100GRX24",0,24,0,2.561,0,no
2026-04-29,L22,LINEA 22,1,3251823,"VANSH,CO,450ML PINKX24",1377,24,33048,11.925,16420.725,no
2026-04-29,L22,LINEA 22,2,3251823,"VANSH,CO,450ML PINKX24",373,24,8952,11.925,4448.025,no
2026-05-04,L10_50,LINEA 10,2,3295377,WOOLITE P&C 2L X6,441,6,2646,13.666,6026.706,no
2026-05-04,L14,LINEA 14,1,3101148,"SANPC,CO,1000 ML X 12 VAINILLA",386,12,4632,12.725,4911.85,no
2026-05-04,L14,LINEA 14,2,3101148,"SANPC,CO,1000 ML X 12 VAINILLA",934,12,11208,12.725,11885.15,no
2026-05-04,L16,LINEA 16,1,16,MANTENIMIENTO LINEA 16,0,,0.0,,0,si
2026-05-04,L18_21,LINEA 18,2,3097733,"VANSH,CR,GEL PINK 100ML CAM",531,72,38232,7.896,4192.776,no
2026-05-04,L19,LINEA 19,2,3203842,"MANSN,CO,CERA BI 150MLX64",165,64,10560,11.054,1823.91,no
2026-05-04,L20,LINEA 20,1,3303200,"VANSH,CO,POLVO BLANCO 100GRX24",773,24,18552,2.561,1979.653,no
2026-05-04,L22,LINEA 22,1,3251824,"VANSH,CO,450ML WHITEX24",685,24,16440,11.925,8168.625,no
2026-05-04,L22,LINEA 22,2,3251824,"VANSH,CO,450ML WHITEX24",1419,24,34056,11.925,16921.575,no
2026-05-05,L10_50,LINEA 10,2,3295376,WOOLITE BABY 2L X6,0,6,0,13.666,0,no
2026-05-05,L10_50,LINEA 10,2,3295377,WOOLITE P&C 2L X6,1235,6,7410,13.666,16877.51,no
2026-05-05,L14,LINEA 14,1,3101148,"SANPC,CO,1000 ML X 12 VAINILLA",1069,12,12828,12.725,13603.025,no
2026-05-05,L14,LINEA 14,2,3101148,"SANPC,CO,1000 ML X 12 VAINILLA",190,12,2280,12.725,2417.75,no
2026-05-05,L14,LINEA 14,2,3101150,"SANPC,CO,450 ML X 24 VAINILLA",180,24,4320,11.856,2134.08,no
2026-05-05,L16,LINEA 16,1,16,MANTENIMIENTO LINEA 16,0,,0.0,,0,si
2026-05-05,L18_21,LINEA 18,2,3097733,"VANSH,CR,GEL PINK 100ML CAM",769,72,55368,7.896,6072.024,no
2026-05-05,L19,LINEA 19,2,3203842,"MANSN,CO,CERA BI 150MLX64",444,64,28416,11.054,4907.976,no
2026-05-05,L20,LINEA 20,1,3303200,"VANSH,CO,POLVO BLANCO 100GRX24",129,24,3096,2.561,330.369,no
2026-05-05,L20,LINEA 20,1,3303200,"VANSH,CO,POLVO BLANCO 100GRX24",692,24,16608,2.561,1772.212,no
2026-05-05,L22,LINEA 22,1,3162876,"SANPC,CO,VAINILLA 200ML DP",0,64,0,14.158,0,no
2026-05-05,L22,LINEA 22,1,3251824,"VANSH,CO,450ML WHITEX24",951,24,22824,11.925,11340.675,no
2026-05-05,L22,LINEA 22,2,3162876,"SANPC,CO,VAINILLA 200ML DP",389,64,24896,14.158,5507.462,no
2026-05-06,L10_50,LINEA 10,2,3295376,WOOLITE BABY 2L X6,1585,6,9510,13.666,21660.61,no
2026-05-06,L14,LINEA 14,1,3101150,"SANPC,CO,450 ML X 24 VAINILLA",868,24,20832,11.856,10291.008,no
2026-05-06,L14,LINEA 14,2,3101150,"SANPC,CO,450 ML X 24 VAINILLA",145,24,3480,11.856,1719.12,no
2026-05-06,L14,LINEA 14,2,3331250,"SANPC,CO,OASIS DE LAVAND 450ML",635,24,15240,11.856,7528.56,no
2026-05-06,L16,LINEA 16,1,16,MANTENIMIENTO LINEA 16,0,,0.0,,0,si
2026-05-06,L18_21,LINEA 18,2,3097733,"VANSH,CR,GEL PINK 100ML CAM",974,72,70128,7.896,7690.704,no
2026-05-06,L19,LINEA 19,2,3203842,"MANSN,CO,CERA BI 150MLX64",207,64,13248,11.054,2288.178,no
2026-05-06,L19,LINEA 19,2,3251822,"VANSH,CO,800ML PINKX12",0,12,0,10.463,0,no
2026-05-06,L20,LINEA 20,1,3303200,"VANSH,CO,POLVO BLANCO 100GRX24",869,24,20856,2.561,2225.509,no
2026-05-06,L22,LINEA 22,1,3162876,"SANPC,CO,VAINILLA 200ML DP",590,64,37760,14.158,8353.22,no
2026-05-06,L22,LINEA 22,2,3162876,"SANPC,CO,VAINILLA 200ML DP",623,64,39872,14.158,8820.434,no
2026-05-07,L10_50,LINEA 10,2,3295376,WOOLITE BABY 2L X6,95,6,570,13.666,1298.27,no
2026-05-07,L10_50,LINEA 10,2,3300824,WOOLITE BLACK 2L X6,1128,6,6768,13.666,15415.248,no
2026-05-07,L14,LINEA 14,1,3081420,"VANSH,CO,500MLX12 PRELAVADO DP",0,12,0,6.487,0,no
2026-05-07,L14,LINEA 14,1,3331250,"SANPC,CO,OASIS DE LAVAND 450ML",709,24,17016,11.856,8405.904,no
2026-05-07,L14,LINEA 14,2,3081420,"VANSH,CO,500MLX12 PRELAVADO DP",1185,12,14220,6.487,7687.095,no
2026-05-07,L16,LINEA 16,1,16,MANTENIMIENTO LINEA 16,0,,0.0,,0,si
2026-05-07,L18_21,LINEA 18,2,3065105,"VANSH,CO,100MLX72 PINK GOLD",0,72,0,8.133,0,no
2026-05-07,L18_21,LINEA 18,2,3097733,"VANSH,CR,GEL PINK 100ML CAM",833,72,59976,7.896,6577.368,no
2026-05-07,L19,LINEA 19,2,3251822,"VANSH,CO,800ML PINKX12",384,12,4608,10.463,4017.792,no
2026-05-07,L20,LINEA 20,1,3303200,"VANSH,CO,POLVO BLANCO 100GRX24",855,24,20520,2.561,2189.655,no
2026-05-07,L22,LINEA 22,1,3162876,"SANPC,CO,VAINILLA 200ML DP",642,64,41088,14.158,9089.436,no
2026-05-07,L22,LINEA 22,2,3162876,"SANPC,CO,VAINILLA 200ML DP",593,64,37952,14.158,8395.694,no
2026-05-08,L10_50,LINEA 10,2,3295334,WOOLITE BLACK GALÓN X4,304,4,1216,16.66,5064.64,no
2026-05-08,L10_50,LINEA 10,2,3300824,WOOLITE BLACK 2L X6,563,6,3378,13.666,7693.958,no
2026-05-08,L14,LINEA 14,1,21138,"ESYOF,CO,QTG,DP,LIM,EXP,500ML",1050,12,12600,6.559,6886.95,no
2026-05-08,L14,LINEA 14,1,3081420,"VANSH,CO,500MLX12 PRELAVADO DP",261,12,3132,6.487,1693.107,no
2026-05-08,L14,LINEA 14,2,21138,"ESYOF,CO,QTG,DP,LIM,EXP,500ML",1680,12,20160,6.559,11019.12,no
2026-05-08,L16,LINEA 16,1,16,MANTENIMIENTO LINEA 16,0,,0.0,,0,si
2026-05-08,L18_21,LINEA 18,2,3065105,"VANSH,CO,100MLX72 PINK GOLD",1028,72,74016,8.133,8360.724,no
2026-05-08,L19,LINEA 19,2,3251822,"VANSH,CO,800ML PINKX12",595,12,7140,10.463,6225.485,no
2026-05-08,L20,LINEA 20,1,3303200,"VANSH,CO,POLVO BLANCO 100GRX24",868,24,20832,2.561,2222.948,no
2026-05-08,L22,LINEA 22,1,3162876,"SANPC,CO,VAINILLA 200ML DP",623,64,39872,14.158,8820.434,no
2026-05-08,L22,LINEA 22,2,3162876,"SANPC,CO,VAINILLA 200ML DP",572,64,36608,14.158,8098.376,no
2026-05-11,L14,LINEA 14,2,21138,"ESYOF,CO,QTG,DP,LIM,EXP,500ML",125,12,1500,6.559,819.875,no
2026-05-11,L14,LINEA 14,2,21166,"ESYOF,CO,CRIS,REG,DP,500ML",1275,12,15300,6.529,8324.475,no
2026-05-11,L16,LINEA 16,1,16,MANTENIMIENTO LINEA 16,0,,0.0,,0,si
2026-05-11,L16,LINEA 16,2,3303199,VANISH POL PINK SAC 144X30GM,136,144,19584,4.9,666.4,no
2026-05-11,L18_21,LINEA 18,1,3065105,"VANSH,CO,100MLX72 PINK GOLD",230,72,16560,8.133,1870.59,no
2026-05-11,L18_21,LINEA 18,1,3097734,"VANSH,CR,GEL BLANCO 100ML CAM",570,72,41040,8.163,4652.91,no
2026-05-11,L19,LINEA 19,1,3251821,"VANSH,CO,800ML WHITEX12",92,12,1104,10.463,962.596,no
2026-05-11,L19,LINEA 19,1,3251822,"VANSH,CO,800ML PINKX12",818,12,9816,10.463,8558.734,no
2026-05-11,L19,LINEA 19,2,3251821,"VANSH,CO,800ML WHITEX12",1232,12,14784,10.463,12890.416,no
2026-05-11,L20,LINEA 20,1,3303200,"VANSH,CO,POLVO BLANCO 100GRX24",791,24,18984,2.561,2025.751,no
2026-05-11,L20,LINEA 20,2,3303200,"VANSH,CO,POLVO BLANCO 100GRX24",404,24,9696,2.561,1034.644,no
2026-05-11,L20,LINEA 20,2,3303201,"VANSH,CO,POLVO ROSA 100GRX24",381,24,9144,2.561,975.741,no
2026-05-11,L22,LINEA 22,1,3162876,"SANPC,CO,VAINILLA 200ML DP",231,64,14784,14.158,3270.498,no
2026-05-11,L22,LINEA 22,2,3162876,"SANPC,CO,VAINILLA 200ML DP",485,64,31040,14.158,6866.63,no
2026-05-12,L10_50,LINEA 10,1,3295334,WOOLITE BLACK GALÓN X4,905,4,3620,16.66,15077.3,no
2026-05-12,L14,LINEA 14,1,21166,"ESYOF,CO,CRIS,REG,DP,500ML",164,12,1968,6.529,1070.756,no
2026-05-12,L14,LINEA 14,1,3251826,"VANSH,CO,300MLX48 WHITE",151,48,7248,15.359,2319.209,no
2026-05-12,L14,LINEA 14,2,3251826,"VANSH,CO,300MLX48 WHITE",447,48,21456,15.359,6865.473,no
2026-05-12,L16,LINEA 16,1,3303199,VANISH POL PINK SAC 144X30GM,418,144,60192,4.9,2048.2,no
2026-05-12,L16,LINEA 16,2,3303199,VANISH POL PINK SAC 144X30GM,412,144,59328,4.9,2018.8,no
2026-05-12,L18_21,LINEA 18,1,3097734,"VANSH,CR,GEL BLANCO 100ML CAM",950,72,68400,8.163,7754.85,no
2026-05-12,L19,LINEA 19,1,3251821,"VANSH,CO,800ML WHITEX12",1227,12,14724,10.463,12838.101,no
2026-05-12,L19,LINEA 19,2,3251821,"VANSH,CO,800ML WHITEX12",1244,12,14928,10.463,13015.972,no
2026-05-12,L20,LINEA 20,2,3303201,"VANSH,CO,POLVO ROSA 100GRX24",736,24,17664,2.561,1884.896,no
2026-05-12,L22,LINEA 22,1,3162876,"SANPC,CO,VAINILLA 200ML DP",244,64,15616,14.158,3454.552,no
2026-05-12,L22,LINEA 22,1,3331340,"SANPC,CO,OASIS DE LAVAND 200ML",192,6,1152,12.851,2467.392,no
2026-05-12,L22,LINEA 22,2,3331340,"SANPC,CO,OASIS DE LAVAND 200ML",599,6,3594,12.851,7697.749,no
2026-05-13,L10_50,LINEA 10,1,3295334,WOOLITE BLACK GALÓN X4,1213,4,4852,16.66,20208.58,no
2026-05-13,L14,LINEA 14,1,3251826,"VANSH,CO,300MLX48 WHITE",417,48,20016,15.359,6404.703,no
2026-05-13,L14,LINEA 14,2,3251826,"VANSH,CO,300MLX48 WHITE",420,48,20160,15.359,6450.78,no
2026-05-13,L16,LINEA 16,1,3303199,VANISH POL PINK SAC 144X30GM,343,144,49392,4.9,1680.7,no
2026-05-13,L16,LINEA 16,2,3303199,VANISH POL PINK SAC 144X30GM,288,144,41472,4.9,1411.2,no
2026-05-13,L18_21,LINEA 18,1,3097734,"VANSH,CR,GEL BLANCO 100ML CAM",853,72,61416,8.163,6963.039,no
2026-05-13,L19,LINEA 19,1,3251821,"VANSH,CO,800ML WHITEX12",761,12,9132,10.463,7962.343,no
2026-05-13,L19,LINEA 19,2,3153282,"SANPC,CO,2000ML X 6 VAINILLA",0,6,0,12.851,0,no
2026-05-13,L19,LINEA 19,2,3251821,"VANSH,CO,800ML WHITEX12",753,12,9036,10.463,7878.639,no
2026-05-13,L20,LINEA 20,1,3303201,"VANSH,CO,POLVO ROSA 100GRX24",0,24,0,2.561,0,no
2026-05-13,L20,LINEA 20,2,3303201,"VANSH,CO,POLVO ROSA 100GRX24",811,24,19464,2.561,2076.971,no
2026-05-13,L22,LINEA 22,1,3331340,"SANPC,CO,OASIS DE LAVAND 200ML",534,6,3204,12.851,6862.434,no
2026-05-13,L22,LINEA 22,2,3331340,"SANPC,CO,OASIS DE LAVAND 200ML",565,6,3390,12.851,7260.815,no
2026-05-14,L10_50,LINEA 10,1,3295334,WOOLITE BLACK GALÓN X4,771,4,3084,16.66,12844.86,no
2026-05-14,L10_50,LINEA 10,1,3295335,WOOLITE P&C GALÓN X4,95,4,380,16.66,1582.7,no
2026-05-14,L14,LINEA 14,1,3251826,"VANSH,CO,300MLX48 WHITE",427,48,20496,15.359,6558.293,no
2026-05-14,L14,LINEA 14,2,3251826,"VANSH,CO,300MLX48 WHITE",430,48,20640,15.359,6604.37,no
2026-05-14,L16,LINEA 16,1,3303199,VANISH POL PINK SAC 144X30GM,355,144,51120,4.9,1739.5,no
2026-05-14,L16,LINEA 16,2,3303199,VANISH POL PINK SAC 144X30GM,508,144,73152,4.9,2489.2,no
2026-05-14,L18_21,LINEA 18,1,3097734,"VANSH,CR,GEL BLANCO 100ML CAM",984,72,70848,8.163,8032.392,no
2026-05-14,L19,LINEA 19,1,3153282,"SANPC,CO,2000ML X 6 VAINILLA",164,6,984,12.851,2107.564,no
2026-05-14,L19,LINEA 19,2,3153282,"SANPC,CO,2000ML X 6 VAINILLA",1492,6,8952,12.851,19173.692,no
2026-05-14,L20,LINEA 20,1,3303201,"VANSH,CO,POLVO ROSA 100GRX24",0,24,0,2.561,0,no
2026-05-14,L20,LINEA 20,2,3303201,"VANSH,CO,POLVO ROSA 100GRX24",707,24,16968,2.561,1810.627,no
2026-05-14,L20,LINEA 20,2,3303204,"VANSH,CO,POLVO ROSA 120GRX24",107,24,2568,3.052,326.564,no
2026-05-14,L22,LINEA 22,1,3331340,"SANPC,CO,OASIS DE LAVAND 200ML",530,6,3180,12.851,6811.03,no
2026-05-14,L22,LINEA 22,2,3251827,"VANSH,CO,130 ML WHITE X64",413,64,26432,9.891,4084.983,no
2026-05-15,L10_50,LINEA 10,1,3295335,WOOLITE P&C GALÓN X4,1417,4,5668,16.66,23607.22,no
2026-05-15,L14,LINEA 14,1,3251826,"VANSH,CO,300MLX48 WHITE",417,48,20016,15.359,6404.703,no
2026-05-15,L14,LINEA 14,2,3251825,"VANSH,CO,300ML PINKX48",276,48,13248,15.359,4239.084,no
2026-05-15,L14,LINEA 14,2,3251826,"VANSH,CO,300MLX48 WHITE",124,48,5952,15.359,1904.516,no
2026-05-15,L16,LINEA 16,1,3303199,VANISH POL PINK SAC 144X30GM,269,144,38736,4.9,1318.1,no
2026-05-15,L16,LINEA 16,2,3303199,VANISH POL PINK SAC 144X30GM,329,144,47376,4.9,1612.1,no
2026-05-15,L18_21,LINEA 18,1,3097734,"VANSH,CR,GEL BLANCO 100ML CAM",553,72,39816,8.163,4514.139,no
2026-05-15,L19,LINEA 19,1,3331344,"SANPC,ES,OASIS DE LAVAN 2000ML",1332,6,7992,12.851,17117.532,no
2026-05-15,L19,LINEA 19,2,3252557,"VANSH,CO,1800ML WHITE X6 DP",820,6,4920,11.852,9718.64,no
2026-05-15,L19,LINEA 19,2,3331344,"SANPC,ES,OASIS DE LAVAN 2000ML",321,6,1926,12.851,4125.171,no
2026-05-15,L20,LINEA 20,1,3303204,"VANSH,CO,POLVO ROSA 120GRX24",818,24,19632,3.052,2496.536,no
2026-05-15,L20,LINEA 20,2,3303204,"VANSH,CO,POLVO ROSA 120GRX24",853,24,20472,3.052,2603.356,no
2026-05-15,L22,LINEA 22,1,3251827,"VANSH,CO,130 ML WHITE X64",600,64,38400,9.891,5934.6,no
2026-05-15,L22,LINEA 22,2,3251827,"VANSH,CO,130 ML WHITE X64",570,64,36480,9.891,5637.87,no
2026-05-16,L10_50,LINEA 10,1,3295333,VANISH WHITE GALÓN X4,347,4,1388,16.66,5781.02,no
2026-05-16,L10_50,LINEA 10,1,3295335,WOOLITE P&C GALÓN X4,326,4,1304,16.66,5431.16,no
2026-05-16,L14,LINEA 14,1,3251825,"VANSH,CO,300ML PINKX48",362,48,17376,15.359,5559.958,no
2026-05-16,L14,LINEA 14,2,3251825,"VANSH,CO,300ML PINKX48",369,48,17712,15.359,5667.471,no
2026-05-16,L16,LINEA 16,1,3303199,VANISH POL PINK SAC 144X30GM,228,144,32832,4.9,1117.2,no
2026-05-16,L16,LINEA 16,1,3303202,"VANSH,CO,POLVO BLANCO 30GRX144",0,144,0,4.9,0,no
2026-05-16,L16,LINEA 16,2,3303202,"VANSH,CO,POLVO BLANCO 30GRX144",82,144,11808,4.9,401.8,no
2026-05-16,L18_21,LINEA 18,1,3097734,"VANSH,CR,GEL BLANCO 100ML CAM",435,72,31320,8.163,3550.905,no
2026-05-16,L19,LINEA 19,1,3252557,"VANSH,CO,1800ML WHITE X6 DP",1271,6,7626,11.852,15063.892,no
2026-05-16,L19,LINEA 19,2,3252557,"VANSH,CO,1800ML WHITE X6 DP",1166,6,6996,11.852,13819.432,no
2026-05-16,L19,LINEA 19,2,3282079,"VANSH,CO, 1800ML BLANCO X6 DP",198,6,1188,11.852,2346.696,no
2026-05-16,L20,LINEA 20,1,3303204,"VANSH,CO,POLVO ROSA 120GRX24",408,24,9792,3.052,1245.216,no
2026-05-16,L20,LINEA 20,1,3303246,"VANSH,CO,POLVO BLANCO 120GRX24",224,24,5376,2.561,573.664,no
2026-05-16,L20,LINEA 20,2,3303246,"VANSH,CO,POLVO BLANCO 120GRX24",739,24,17736,2.561,1892.579,no
2026-05-16,L22,LINEA 22,1,3251827,"VANSH,CO,130 ML WHITE X64",490,64,31360,9.891,4846.59,no
2026-05-16,L22,LINEA 22,2,3251827,"VANSH,CO,130 ML WHITE X64",498,64,31872,9.891,4925.718,no
2026-05-19,L10_50,LINEA 10,1,3295333,VANISH WHITE GALÓN X4,1603,4,6412,16.66,26705.98,no
2026-05-19,L14,LINEA 14,1,3251825,"VANSH,CO,300ML PINKX48",365,48,17520,15.359,5606.035,no
2026-05-19,L14,LINEA 14,2,3251825,"VANSH,CO,300ML PINKX48",431,48,20688,15.359,6619.729,no
2026-05-19,L16,LINEA 16,1,3303202,"VANSH,CO,POLVO BLANCO 30GRX144",266,144,38304,4.9,1303.4,no
2026-05-19,L16,LINEA 16,2,3303202,"VANSH,CO,POLVO BLANCO 30GRX144",470,144,67680,4.9,2303,no
2026-05-19,L19,LINEA 19,1,3282079,"VANSH,CO, 1800ML BLANCO X6 DP",1710,6,10260,11.852,20266.92,no
2026-05-19,L20,LINEA 20,1,3303246,"VANSH,CO,POLVO BLANCO 120GRX24",861,24,20664,2.561,2205.021,no
2026-05-19,L20,LINEA 20,2,3303246,"VANSH,CO,POLVO BLANCO 120GRX24",838,24,20112,2.561,2146.118,no
2026-05-19,L22,LINEA 22,1,3251827,"VANSH,CO,130 ML WHITE X64",539,64,34496,9.891,5331.249,no
2026-05-19,L22,LINEA 22,2,3251827,"VANSH,CO,130 ML WHITE X64",572,64,36608,9.891,5657.652,no
2026-05-20,L10_50,LINEA 10,1,3295333,VANISH WHITE GALÓN X4,1506,4,6024,16.66,25089.96,no
2026-05-20,L14,LINEA 14,1,3251825,"VANSH,CO,300ML PINKX48",395,48,18960,15.359,6066.805,no
2026-05-20,L14,LINEA 14,2,3251825,"VANSH,CO,300ML PINKX48",462,48,22176,15.359,7095.858,no
2026-05-20,L16,LINEA 16,1,3303202,"VANSH,CO,POLVO BLANCO 30GRX144",408,144,58752,4.9,1999.2,no
2026-05-20,L16,LINEA 16,2,3303202,"VANSH,CO,POLVO BLANCO 30GRX144",439,144,63216,4.9,2151.1,no
2026-05-20,L19,LINEA 19,1,3252560,"VANSH,CO,1800ML PINKX6 DP",1557,6,9342,11.852,18453.564,no
2026-05-20,L20,LINEA 20,1,3303237,"VANSH,CO,POLVO BLANCO 240GRX12",488,12,5856,3.049,1487.912,no
2026-05-20,L20,LINEA 20,1,3303246,"VANSH,CO,POLVO BLANCO 120GRX24",334,24,8016,2.561,855.374,no
2026-05-20,L20,LINEA 20,2,3303237,"VANSH,CO,POLVO BLANCO 240GRX12",1687,12,20244,3.049,5143.663,no
2026-05-20,L22,LINEA 22,1,3251827,"VANSH,CO,130 ML WHITE X64",260,64,16640,9.891,2571.66,no
2026-05-20,L22,LINEA 22,1,3251828,"VANSH,CO,130 ML PINK X64",261,64,16704,9.891,2581.551,no
2026-05-20,L22,LINEA 22,2,3251828,"VANSH,CO,130 ML PINK X64",614,64,39296,9.891,6073.074,no
2026-05-21,L10_50,LINEA 10,1,3295332,VANISH PINK GALON X4,1320,4,5280,16.66,21991.2,no
2026-05-21,L14,LINEA 14,1,14,MANTENIMIENTO LINEA 14,0,,0.0,,0,si
2026-05-21,L14,LINEA 14,2,3251825,"VANSH,CO,300ML PINKX48",440,48,21120,15.359,6757.96,no
2026-05-21,L16,LINEA 16,1,3303202,"VANSH,CO,POLVO BLANCO 30GRX144",388,144,55872,4.9,1901.2,no
2026-05-21,L16,LINEA 16,2,3303202,"VANSH,CO,POLVO BLANCO 30GRX144",288,144,41472,4.9,1411.2,no
2026-05-21,L19,LINEA 19,1,3252560,"VANSH,CO,1800ML PINKX6 DP",1430,6,8580,11.852,16948.36,no
2026-05-21,L20,LINEA 20,1,3303237,"VANSH,CO,POLVO BLANCO 240GRX12",1569,12,18828,3.049,4783.881,no
2026-05-21,L20,LINEA 20,2,3303239,"VANSH,CO,BLANCO DP 450GRX12",416,12,4992,5.831,2425.696,no
2026-05-21,L22,LINEA 22,1,3251828,"VANSH,CO,130 ML PINK X64",525,64,33600,9.891,5192.775,no
2026-05-21,L22,LINEA 22,2,3251828,"VANSH,CO,130 ML PINK X64",642,64,41088,9.891,6350.022,no
2026-05-22,L10_50,LINEA 10,1,3295332,VANISH PINK GALON X4,1724,4,6896,16.66,28721.84,no
2026-05-22,L14,LINEA 14,1,14,MANTENIMIENTO LINEA 14,0,,0.0,,0,si
2026-05-22,L14,LINEA 14,2,3251825,"VANSH,CO,300ML PINKX48",412,48,19776,15.359,6327.908,no
2026-05-22,L16,LINEA 16,1,3303202,"VANSH,CO,POLVO BLANCO 30GRX144",68,144,9792,4.9,333.2,no
2026-05-22,L16,LINEA 16,2,3303202,"VANSH,CO,POLVO BLANCO 30GRX144",212,144,30528,4.9,1038.8,no
2026-05-22,L19,LINEA 19,1,3252560,"VANSH,CO,1800ML PINKX6 DP",49,6,294,11.852,580.748,no
2026-05-22,L19,LINEA 19,1,3279149,"WLITE,CO,BLACK 1.8L X6",609,6,3654,11.892,7242.228,no
2026-05-22,L20,LINEA 20,1,3303239,"VANSH,CO,BLANCO DP 450GRX12",1126,12,13512,5.831,6565.706,no
2026-05-22,L20,LINEA 20,2,3303239,"VANSH,CO,BLANCO DP 450GRX12",1259,12,15108,5.831,7341.229,no
2026-05-22,L22,LINEA 22,1,3251828,"VANSH,CO,130 ML PINK X64",594,64,38016,9.891,5875.254,no
2026-05-22,L22,LINEA 22,2,3251828,"VANSH,CO,130 ML PINK X64",638,64,40832,9.891,6310.458,no
2026-05-23,L10_50,LINEA 10,1,3295332,VANISH PINK GALON X4,1460,4,5840,16.66,24323.6,no
2026-05-23,L14,LINEA 14,1,3251825,"VANSH,CO,300ML PINKX48",355,48,17040,15.359,5452.445,no
2026-05-23,L14,LINEA 14,2,3251825,"VANSH,CO,300ML PINKX48",324,48,15552,15.359,4976.316,no
2026-05-23,L14,LINEA 14,2,3279146,"WLITE,CO,BLACK 500ML DPX12",0,12,0,6.677,0,no
2026-05-23,L16,LINEA 16,1,3303202,"VANSH,CO,POLVO BLANCO 30GRX144",0,144,0,4.9,0,no
2026-05-23,L16,LINEA 16,2,3303202,"VANSH,CO,POLVO BLANCO 30GRX144",398,144,57312,4.9,1950.2,no
2026-05-23,L19,LINEA 19,1,3279149,"WLITE,CO,BLACK 1.8L X6",1294,6,7764,11.892,15388.248,no
2026-05-23,L20,LINEA 20,1,3303238,"VANSH,CO,ROSA DP 450GRX12",900,12,10800,5.831,5247.9,no
2026-05-23,L20,LINEA 20,2,3303238,"VANSH,CO,ROSA DP 450GRX12",757,12,9084,5.831,4414.067,no
2026-05-23,L22,LINEA 22,1,3251828,"VANSH,CO,130 ML PINK X64",469,64,30016,9.891,4638.879,no
2026-05-23,L22,LINEA 22,2,3251823,"VANSH,CO,450ML PINKX24",181,24,4344,11.925,2158.425,no
2026-05-23,L22,LINEA 22,2,3251828,"VANSH,CO,130 ML PINK X64",165,64,10560,9.891,1632.015,no
2026-05-24,L16,LINEA 16,1,3303202,"VANSH,CO,POLVO BLANCO 30GRX144",358,144,51552,4.9,1754.2,no
2026-05-25,L10_50,LINEA 10,1,3245286,"SANPC,CO,SANPIC VAINILLA 3L X4",0,4,0,12.806,0,no
2026-05-25,L10_50,LINEA 10,1,3295332,VANISH PINK GALON X4,726,4,2904,16.66,12095.16,no
2026-05-25,L14,LINEA 14,1,3279146,"WLITE,CO,BLACK 500ML DPX12",501,12,6012,6.677,3345.177,no
2026-05-25,L14,LINEA 14,2,3279146,"WLITE,CO,BLACK 500ML DPX12",624,12,7488,6.677,4166.448,no
2026-05-25,L16,LINEA 16,1,3303202,"VANSH,CO,POLVO BLANCO 30GRX144",240,144,34560,4.9,1176,no
2026-05-25,L16,LINEA 16,2,3303202,"VANSH,CO,POLVO BLANCO 30GRX144",99,144,14256,4.9,485.1,no
2026-05-25,L19,LINEA 19,1,3279149,"WLITE,CO,BLACK 1.8L X6",1303,6,7818,11.892,15495.276,no
2026-05-25,L19,LINEA 19,2,3279168,"WLITE,CO,P&C 1.8L X6",1276,6,7656,11.892,15174.192,no
2026-05-25,L20,LINEA 20,1,3276519,"FINSH,CO,POWDER DP 1KGX8",0,8,0,8.875,0,no
2026-05-25,L20,LINEA 20,1,3303238,"VANSH,CO,ROSA DP 450GRX12",342,12,4104,5.831,1994.202,no
2026-05-25,L20,LINEA 20,2,3276519,"FINSH,CO,POWDER DP 1KGX8",1108,8,8864,8.875,9833.5,no
2026-05-25,L22,LINEA 22,1,22,MANTENIMIENTO LINEA 22,0,,0.0,,0,si
2026-05-25,L22,LINEA 22,2,3251823,"VANSH,CO,450ML PINKX24",1123,24,26952,11.925,13391.775,no
2026-05-26,L10_50,LINEA 10,1,3245286,"SANPC,CO,SANPIC VAINILLA 3L X4",900,4,3600,12.806,11525.4,no
2026-05-26,L10_50,LINEA 10,2,3245286,"SANPC,CO,SANPIC VAINILLA 3L X4",319,4,1276,12.806,4085.114,no
2026-05-26,L14,LINEA 14,1,3279146,"WLITE,CO,BLACK 500ML DPX12",1136,12,13632,6.677,7585.072,no
2026-05-26,L14,LINEA 14,2,3279143,"WLITE,CO,BLACK 900ML DPX12",340,12,4080,11.823,4019.82,no
2026-05-26,L19,LINEA 19,1,3279168,"WLITE,CO,P&C 1.8L X6",1302,6,7812,11.892,15483.384,no
2026-05-26,L19,LINEA 19,2,3352797,"VANSH,CO,LIQ DP WHITE 18X650ML",450,,0.0,,0,no
2026-05-26,L20,LINEA 20,1,3276519,"FINSH,CO,POWDER DP 1KGX8",1598,8,12784,8.875,14182.25,no
2026-05-26,L20,LINEA 20,2,3276519,"FINSH,CO,POWDER DP 1KGX8",1616,8,12928,8.875,14342,no
2026-05-26,L22,LINEA 22,1,22,MANTENIMIENTO LINEA 22,0,,0.0,,0,si
2026-05-26,L22,LINEA 22,2,3251823,"VANSH,CO,450ML PINKX24",1222,24,29328,11.925,14572.35,no
2026-05-27,L10_50,LINEA 10,1,3058100,"LYSOL,CR,LAVENDER GALLON X 4",0,4,0,15.936,0,no
2026-05-27,L14,LINEA 14,1,3279143,"WLITE,CO,BLACK 900ML DPX12",943,12,11316,11.823,11149.089,no
2026-05-27,L14,LINEA 14,2,3059366,"LYSOL,CO,CITRUS DP 800 ML",0,12,0,10.338,0,no
2026-05-27,L19,LINEA 19,1,3352797,"VANSH,CO,LIQ DP WHITE 18X650ML",600,,0.0,,0,no
2026-05-27,L20,LINEA 20,1,3276519,"FINSH,CO,POWDER DP 1KGX8",1189,8,9512,8.875,10552.375,no
2026-05-27,L22,LINEA 22,1,3251823,"VANSH,CO,450ML PINKX24",554,24,13296,11.925,6606.45,no
2026-05-28,L10_50,LINEA 10,1,3058100,"LYSOL,CR,LAVENDER GALLON X 4",866,4,3464,15.936,13800.576,no
2026-05-28,L10_50,LINEA 10,2,3058100,"LYSOL,CR,LAVENDER GALLON X 4",1095,4,4380,15.936,17449.92,no
2026-05-28,L14,LINEA 14,1,3059366,"LYSOL,CO,CITRUS DP 800 ML",1059,12,12708,10.338,10947.942,no
2026-05-28,L14,LINEA 14,2,3055603,"LYSOL,CR,LAVANDA DP 800 ML",200,12,2400,10.338,2067.6,no
2026-05-28,L14,LINEA 14,2,3059366,"LYSOL,CO,CITRUS DP 800 ML",580,12,6960,10.338,5996.04,no
2026-05-28,L16,LINEA 16,1,3303202,"VANSH,CO,POLVO BLANCO 30GRX144",322,144,46368,4.9,1577.8,no
2026-05-28,L18_21,LINEA 18,1,3065104,"VANSH,CO,100MLX72 WHITE GOLD",820,72,59040,8.134,6669.88,no
2026-05-28,L18_21,LINEA 18,2,3065104,"VANSH,CO,100MLX72 WHITE GOLD",135,72,9720,8.134,1098.09,no
2026-05-28,L19,LINEA 19,1,3352797,"VANSH,CO,LIQ DP WHITE 18X650ML",690,,0.0,,0,no
2026-05-28,L19,LINEA 19,2,3352795,"VANSH,CO,LIQ DP PINK 18X650ML",564,,0.0,,0,no
2026-05-28,L19,LINEA 19,2,3352797,"VANSH,CO,LIQ DP WHITE 18X650ML",93,,0.0,,0,no
2026-05-28,L20,LINEA 20,1,3303242,"VANSH,CO,POLVO ROSA 850GRX6",1362,6,8172,5.495,7484.19,no
2026-05-28,L20,LINEA 20,2,3303242,"VANSH,CO,POLVO ROSA 850GRX6",1494,6,8964,5.495,8209.53,no
2026-05-28,L22,LINEA 22,1,3251824,"VANSH,CO,450ML WHITEX24",1178,24,28272,11.925,14047.65,no
2026-05-28,L22,LINEA 22,2,3251824,"VANSH,CO,450ML WHITEX24",991,24,23784,11.925,11817.675,no
2026-05-29,L10_50,LINEA 10,1,3331346,"SANPC,CO,OASIS DE LAVANDA 5L",475,3,1425,16.023,7610.925,no
2026-05-29,L14,LINEA 14,1,3055603,"LYSOL,CR,LAVANDA DP 800 ML",1087,12,13044,10.338,11237.406,no
2026-05-29,L14,LINEA 14,2,3055603,"LYSOL,CR,LAVANDA DP 800 ML",348,12,4176,10.338,3597.624,no
2026-05-29,L16,LINEA 16,2,3303202,"VANSH,CO,POLVO BLANCO 30GRX144",147,144,21168,4.9,720.3,no
2026-05-29,L19,LINEA 19,1,3352795,"VANSH,CO,LIQ DP PINK 18X650ML",756,,0.0,,0,no
2026-05-29,L19,LINEA 19,2,3251822,"VANSH,CO,800ML PINKX12",178,12,2136,10.463,1862.414,no
2026-05-29,L19,LINEA 19,2,3352795,"VANSH,CO,LIQ DP PINK 18X650ML",557,,0.0,,0,no
2026-05-29,L20,LINEA 20,1,3303204,"VANSH,CO,POLVO ROSA 120GRX24",214,24,5136,3.052,653.128,no
2026-05-29,L20,LINEA 20,1,3303242,"VANSH,CO,POLVO ROSA 850GRX6",102,6,612,5.495,560.49,no
2026-05-29,L20,LINEA 20,2,3303204,"VANSH,CO,POLVO ROSA 120GRX24",584,24,14016,3.052,1782.368,no
2026-05-29,L22,LINEA 22,1,3251824,"VANSH,CO,450ML WHITEX24",1224,24,29376,11.925,14596.2,no
2026-05-29,L22,LINEA 22,2,3251824,"VANSH,CO,450ML WHITEX24",1170,24,28080,11.925,13952.25,no
2026-06-01,L10_50,LINEA 10,1,3331346,"SANPC,CO,OASIS DE LAVANDA 5L",467,3,1401,16.023,7482.741,no
2026-06-01,L10_50,LINEA 10,1,3331346,"SANPC,CO,OASIS DE LAVANDA 5L",1003,3,3009,16.023,16071.069,no
2026-06-01,L14,LINEA 14,2,3055603,"LYSOL,CR,LAVANDA DP 800 ML",1108,12,13296,10.338,11454.504,no
2026-06-01,L16,LINEA 16,1,3303202,"VANSH,CO,POLVO BLANCO 30GRX144",457,144,65808,4.9,2239.3,no
2026-06-01,L18_21,LINEA 18,2,3065104,"VANSH,CO,100MLX72 WHITE GOLD",268,72,19296,8.134,2179.912,no
2026-06-01,L18_21,LINEA 18,2,3097734,"VANSH,CR,GEL BLANCO 100ML CAM",38,72,2736,8.163,310.194,no
2026-06-01,L19,LINEA 19,1,3251822,"VANSH,CO,800ML PINKX12",944,12,11328,10.463,9877.072,no
2026-06-01,L20,LINEA 20,1,3303204,"VANSH,CO,POLVO ROSA 120GRX24",803,24,19272,3.052,2450.756,no
2026-06-01,L20,LINEA 20,2,3303108,"VANSH,AR,POLVO ROSA 120GRX24",128,24,3072,3.056,391.168,no
2026-06-01,L20,LINEA 20,2,3303204,"VANSH,CO,POLVO ROSA 120GRX24",693,24,16632,3.052,2115.036,no
2026-06-01,L22,LINEA 22,2,3251824,"VANSH,CO,450ML WHITEX24",595,24,14280,11.925,7095.375,no
2026-06-01,L22,LINEA 22,2,3251824,"VANSH,CO,450ML WHITEX24",505,24,12120,11.925,6022.125,no
2026-06-02,L10_50,LINEA 10,1,3102524,"SANPC,CO,5 L X 3 VAINILLA",1353,3,4059,16.023,21679.119,no
2026-06-02,L14,LINEA 14,2,3055603,"LYSOL,CR,LAVANDA DP 800 ML",0,12,0,10.338,0,no
2026-06-02,L16,LINEA 16,1,3303202,"VANSH,CO,POLVO BLANCO 30GRX144",329,144,47376,4.9,1612.1,no
2026-06-02,L18_21,LINEA 18,2,3097734,"VANSH,CR,GEL BLANCO 100ML CAM",871,72,62712,8.163,7109.973,no
2026-06-02,L19,LINEA 19,1,19,MANTENIMIENTO LINEA 19,0,,0.0,,0,si
2026-06-02,L20,LINEA 20,1,3303108,"VANSH,AR,POLVO ROSA 120GRX24",850,24,20400,3.056,2597.6,no
2026-06-02,L20,LINEA 20,2,3303108,"VANSH,AR,POLVO ROSA 120GRX24",852,24,20448,3.056,2603.712,no
2026-06-02,L22,LINEA 22,1,3251824,"VANSH,CO,450ML WHITEX24",1125,24,27000,11.925,13415.625,no
2026-06-02,L22,LINEA 22,2,3251823,"VANSH,CO,450ML PINKX24",581,24,13944,11.925,6928.425,no
2026-06-02,L22,LINEA 22,2,3251824,"VANSH,CO,450ML WHITEX24",475,24,11400,11.925,5664.375,no
2026-06-03,L10_50,LINEA 10,1,3102524,"SANPC,CO,5 L X 3 VAINILLA",598,3,1794,16.023,9581.754,no
2026-06-03,L14,LINEA 14,1,3055603,"LYSOL,CR,LAVANDA DP 800 ML",529,12,6348,10.338,5468.802,no
2026-06-03,L14,LINEA 14,2,3055602,"LYSOL,CO,FRESH DP 800 ML",984,12,11808,10.338,10172.592,no
2026-06-03,L14,LINEA 14,2,3055603,"LYSOL,CR,LAVANDA DP 800 ML",43,12,516,10.338,444.534,no
2026-06-03,L16,LINEA 16,1,3303202,"VANSH,CO,POLVO BLANCO 30GRX144",508,144,73152,4.9,2489.2,no
2026-06-03,L18_21,LINEA 18,2,3097734,"VANSH,CR,GEL BLANCO 100ML CAM",799,72,57528,8.163,6522.237,no
2026-06-03,L19,LINEA 19,1,19,MANTENIMIENTO LINEA 19,0,,0.0,,0,si
2026-06-03,L20,LINEA 20,1,3303108,"VANSH,AR,POLVO ROSA 120GRX24",841,24,20184,3.056,2570.096,no
2026-06-03,L20,LINEA 20,2,3303107,"VANSH,AR,POLVO BLANCO 120GRX24",424,24,10176,2.561,1085.864,no
2026-06-03,L20,LINEA 20,2,3303108,"VANSH,AR,POLVO ROSA 120GRX24",368,24,8832,3.056,1124.608,no
2026-06-03,L22,LINEA 22,1,3251823,"VANSH,CO,450ML PINKX24",1279,24,30696,11.925,15252.075,no
2026-06-03,L22,LINEA 22,2,3251823,"VANSH,CO,450ML PINKX24",1215,24,29160,11.925,14488.875,no
2026-06-04,L10_50,LINEA 10,1,3245286,"SANPC,CO,SANPIC VAINILLA 3L X4",144,4,576,12.806,1844.064,no
2026-06-04,L14,LINEA 14,1,3055602,"LYSOL,CO,FRESH DP 800 ML",538,12,6456,10.338,5561.844,no
2026-06-04,L14,LINEA 14,2,3055602,"LYSOL,CO,FRESH DP 800 ML",190,12,2280,10.338,1964.22,no
2026-06-04,L14,LINEA 14,2,3059366,"LYSOL,CO,CITRUS DP 800 ML",829,12,9948,10.338,8570.202,no
2026-06-04,L16,LINEA 16,1,3303202,"VANSH,CO,POLVO BLANCO 30GRX144",491,144,70704,4.9,2405.9,no
2026-06-04,L18_21,LINEA 18,2,3097734,"VANSH,CR,GEL BLANCO 100ML CAM",720,72,51840,8.163,5877.36,no
2026-06-04,L20,LINEA 20,1,3303107,"VANSH,AR,POLVO BLANCO 120GRX24",880,24,21120,2.561,2253.68,no
2026-06-04,L20,LINEA 20,2,3303107,"VANSH,AR,POLVO BLANCO 120GRX24",887,24,21288,2.561,2271.607,no
2026-06-04,L22,LINEA 22,1,3162877,"SANPC,,CANELA MANZANA 200ML",332,64,21248,14.158,4700.456,no
2026-06-04,L22,LINEA 22,2,3162877,"SANPC,,CANELA MANZANA 200ML",382,64,24448,14.158,5408.356,no
2026-06-05,L10_50,LINEA 10,1,3245286,"SANPC,CO,SANPIC VAINILLA 3L X4",1377,4,5508,12.806,17633.862,no
2026-06-05,L14,LINEA 14,1,3059366,"LYSOL,CO,CITRUS DP 800 ML",538,12,6456,10.338,5561.844,no
2026-06-05,L14,LINEA 14,2,3059366,"LYSOL,CO,CITRUS DP 800 ML",1118,12,13416,10.338,11557.884,no
2026-06-05,L16,LINEA 16,1,3303202,"VANSH,CO,POLVO BLANCO 30GRX144",499,144,71856,4.9,2445.1,no
2026-06-05,L18_21,LINEA 18,2,3097734,"VANSH,CR,GEL BLANCO 100ML CAM",896,72,64512,8.163,7314.048,no
2026-06-05,L20,LINEA 20,1,3303107,"VANSH,AR,POLVO BLANCO 120GRX24",53,24,1272,2.561,135.733,no
2026-06-05,L20,LINEA 20,1,3303246,"VANSH,CO,POLVO BLANCO 120GRX24",805,24,19320,2.561,2061.605,no
2026-06-05,L20,LINEA 20,2,3303246,"VANSH,CO,POLVO BLANCO 120GRX24",875,24,21000,2.561,2240.875,no
2026-06-05,L22,LINEA 22,1,3162877,"SANPC,,CANELA MANZANA 200ML",462,64,29568,14.158,6540.996,no
2026-06-05,L22,LINEA 22,2,3162877,"SANPC,,CANELA MANZANA 200ML",571,64,36544,14.158,8084.218,no
2026-06-06,L10_50,LINEA 10,1,3245286,"SANPC,CO,SANPIC VAINILLA 3L X4",589,4,2356,12.806,7542.734,no
2026-06-06,L14,LINEA 14,2,3059366,"LYSOL,CO,CITRUS DP 800 ML",950,12,11400,10.338,9821.1,no
2026-06-06,L16,LINEA 16,1,3303202,"VANSH,CO,POLVO BLANCO 30GRX144",400,144,57600,4.9,1960.0,no
2026-06-06,L18_21,LINEA 18,2,3097734,"VANSH,CR,GEL BLANCO 100ML CAM",344,72,24768,8.163,2808.072,no
2026-06-06,L20,LINEA 20,1,3303246,"VANSH,CO,POLVO BLANCO 120GRX24",728,24,17472,2.561,1864.408,no
2026-06-06,L20,LINEA 20,2,3303200,"VANSH,CO,POLVO BLANCO 100GRX24",125,24,3000,2.561,320.125,no
2026-06-06,L20,LINEA 20,2,3303246,"VANSH,CO,POLVO BLANCO 120GRX24",584,24,14016,2.561,1495.624,no
2026-06-06,L22,LINEA 22,1,3162877,"SANPC,,CANELA MANZANA 200ML",501,64,32064,14.158,7093.158,no
2026-06-06,L22,LINEA 22,2,3162877,"SANPC,,CANELA MANZANA 200ML",44,64,2816,14.158,622.952,no
2026-06-06,L22,LINEA 22,2,3331339,"SANPC,CO,MANZANA VERDE  200ML",368,6,2208,12.851,4729.168,no
2026-06-09,L10_50,LINEA 10,2,3252381,"VANSH,CO,1800ML WHITEX6",1474,6,8844,12.011,17704.214,no
2026-06-09,L14,LINEA 14,1,3059366,"LYSOL,CO,CITRUS DP 800 ML",1020,12,12240,10.338,10544.76,no
2026-06-09,L14,LINEA 14,2,3056627,"BRASO,CR,DEGREASER DP 900 ML",420,12,5040,11.748,4934.16,no
2026-06-09,L14,LINEA 14,2,3059366,"LYSOL,CO,CITRUS DP 800 ML",616,12,7392,10.338,6368.208,no
2026-06-09,L16,LINEA 16,1,3303202,"VANSH,CO,POLVO BLANCO 30GRX144",386,144,55584,4.9,1891.4,no
2026-06-09,L18_21,LINEA 18,1,3097734,"VANSH,CR,GEL BLANCO 100ML CAM",904,72,65088,8.163,7379.352,no
2026-06-09,L19,LINEA 19,1,3251822,"VANSH,CO,800ML PINKX12",960,12,11520,10.463,10044.48,no
2026-06-09,L19,LINEA 19,2,3251822,"VANSH,CO,800ML PINKX12",1097,12,13164,10.463,11477.911,no
2026-06-09,L20,LINEA 20,1,3303200,"VANSH,CO,POLVO BLANCO 100GRX24",843,24,20232,2.561,2158.923,no
2026-06-09,L20,LINEA 20,2,3303200,"VANSH,CO,POLVO BLANCO 100GRX24",915,24,21960,2.561,2343.315,no
2026-06-09,L22,LINEA 22,1,3331339,"SANPC,CO,MANZANA VERDE  200ML",553,6,3318,12.851,7106.603,no
2026-06-10,L10_50,LINEA 10,2,3252381,"VANSH,CO,1800ML WHITEX6",717,6,4302,12.011,8611.887,no
2026-06-10,L14,LINEA 14,1,3056627,"BRASO,CR,DEGREASER DP 900 ML",1037,12,12444,11.748,12182.676,no
2026-06-10,L14,LINEA 14,2,3056627,"BRASO,CR,DEGREASER DP 900 ML",1063,12,12756,11.748,12488.124,no
2026-06-10,L16,LINEA 16,1,3303202,"VANSH,CO,POLVO BLANCO 30GRX144",457,144,65808,4.9,2239.3,no
2026-06-10,L18_21,LINEA 18,1,3097734,"VANSH,CR,GEL BLANCO 100ML CAM",982,72,70704,8.163,8016.066,no
2026-06-10,L18_21,LINEA 18,2,3097734,"VANSH,CR,GEL BLANCO 100ML CAM",47,72,3384,8.163,383.661,no
2026-06-10,L19,LINEA 19,1,3251822,"VANSH,CO,800ML PINKX12",169,12,2028,10.463,1768.247,no
2026-06-10,L19,LINEA 19,1,3282078,"VANSH,CO,VANISH PINK 1.8LX6 DP",0,6,0,11.852,0,no
2026-06-10,L19,LINEA 19,2,3282078,"VANSH,CO,VANISH PINK 1.8LX6 DP",1028,6,6168,11.852,12183.856,no
2026-06-10,L20,LINEA 20,1,3303200,"VANSH,CO,POLVO BLANCO 100GRX24",873,24,20952,2.561,2235.753,no
2026-06-10,L20,LINEA 20,2,3303200,"VANSH,CO,POLVO BLANCO 100GRX24",921,24,22104,2.561,2358.681,no
2026-06-10,L22,LINEA 22,1,3331339,"SANPC,CO,MANZANA VERDE  200ML",609,6,3654,12.851,7826.259,no
2026-06-11,L10_50,LINEA 10,1,3252381,"VANSH,CO,1800ML WHITEX6",0,6,0,12.011,0,no
2026-06-11,L10_50,LINEA 10,2,3252381,"VANSH,CO,1800ML WHITEX6",2549,6,15294,12.011,30616.039,no
2026-06-11,L14,LINEA 14,1,3056627,"BRASO,CR,DEGREASER DP 900 ML",1057,12,12684,11.748,12417.636,no
2026-06-11,L14,LINEA 14,2,3056627,"BRASO,CR,DEGREASER DP 900 ML",481,12,5772,11.748,5650.788,no
2026-06-11,L14,LINEA 14,2,3251826,"VANSH,CO,300MLX48 WHITE",0,48,0,15.359,0,no
2026-06-11,L16,LINEA 16,1,3303202,"VANSH,CO,POLVO BLANCO 30GRX144",487,144,70128,4.9,2386.3,no
2026-06-11,L18_21,LINEA 18,1,3097734,"VANSH,CR,GEL BLANCO 100ML CAM",596,72,42912,8.163,4865.148,no
2026-06-11,L18_21,LINEA 18,1,3097734,"VANSH,CR,GEL BLANCO 100ML CAM",0.0,72,0,8.163,0,no
2026-06-11,L19,LINEA 19,1,3282078,"VANSH,CO,VANISH PINK 1.8LX6 DP",1378,6,8268,11.852,16332.056,no
2026-06-11,L19,LINEA 19,2,3282078,"VANSH,CO,VANISH PINK 1.8LX6 DP",1518,6,9108,11.852,17991.336,no
2026-06-11,L20,LINEA 20,1,3303200,"VANSH,CO,POLVO BLANCO 100GRX24",847,24,20328,2.561,2169.167,no
2026-06-11,L20,LINEA 20,2,3303200,"VANSH,CO,POLVO BLANCO 100GRX24",891,24,21384,2.561,2281.851,no
2026-06-11,L22,LINEA 22,1,3331339,"SANPC,CO,MANZANA VERDE  200ML",616,6,3696,12.851,7916.216,no
2026-06-12,L10_50,LINEA 10,1,10,MANTENIMIENTO LINEA 10,0,,0.0,,0,si
2026-06-12,L10_50,LINEA 10,2,3253794,"VANSH,CO,1800ML PINKX6",2948,6,17688,12.011,35408.428,no
2026-06-12,L14,LINEA 14,1,3251826,"VANSH,CO,300MLX48 WHITE",382,48,18336,15.359,5867.138,no
2026-06-12,L14,LINEA 14,2,3251826,"VANSH,CO,300MLX48 WHITE",412,48,19776,15.359,6327.908,no
2026-06-12,L16,LINEA 16,1,3303202,"VANSH,CO,POLVO BLANCO 30GRX144",431,144,62064,4.9,2111.9,no
2026-06-12,L18_21,LINEA 18,1,3097734,"VANSH,CR,GEL BLANCO 100ML CAM",490,72,35280,8.163,3999.87,no
2026-06-12,L19,LINEA 19,1,3252560,"VANSH,CO,1800ML PINKX6 DP",415,6,2490,11.852,4918.58,no
2026-06-12,L19,LINEA 19,1,3282078,"VANSH,CO,VANISH PINK 1.8LX6 DP",983,6,5898,11.852,11650.516,no
2026-06-12,L19,LINEA 19,2,3252560,"VANSH,CO,1800ML PINKX6 DP",1604,6,9624,11.852,19010.608,no
2026-06-12,L20,LINEA 20,1,3303200,"VANSH,CO,POLVO BLANCO 100GRX24",812,24,19488,2.561,2079.532,no
2026-06-12,L20,LINEA 20,2,3303201,"VANSH,CO,POLVO ROSA 100GRX24",825,24,19800,2.561,2112.825,no
2026-06-12,L22,LINEA 22,1,3251827,"VANSH,CO,130 ML WHITE X64",126,64,8064,9.891,1246.266,no
2026-06-12,L22,LINEA 22,1,3331339,"SANPC,CO,MANZANA VERDE  200ML",306,6,1836,12.851,3932.406,no
2026-06-13,L10_50,LINEA 10,2,3252385,"VANSH,CO,900ML PINKX12",0,12,0,11.995,0,no
2026-06-13,L10_50,LINEA 10,2,3253794,"VANSH,CO,1800ML PINKX6",1715,6,10290,12.011,20598.865,no
2026-06-13,L14,LINEA 14,1,3251826,"VANSH,CO,300MLX48 WHITE",333,48,15984,15.359,5114.547,no
2026-06-13,L14,LINEA 14,2,3251826,"VANSH,CO,300MLX48 WHITE",362,48,17376,15.359,5559.958,no
2026-06-13,L16,LINEA 16,1,3303202,"VANSH,CO,POLVO BLANCO 30GRX144",333,144,47952,4.9,1631.7,no
2026-06-13,L18_21,LINEA 18,1,3097733,"VANSH,CR,GEL PINK 100ML CAM",784,72,56448,7.896,6190.464,no
2026-06-13,L19,LINEA 19,1,3252560,"VANSH,CO,1800ML PINKX6 DP",1257,6,7542,11.852,14897.964,no
2026-06-13,L19,LINEA 19,2,3252560,"VANSH,CO,1800ML PINKX6 DP",1364,6,8184,11.852,16166.128,no
2026-06-13,L20,LINEA 20,1,3303201,"VANSH,CO,POLVO ROSA 100GRX24",726,24,17424,2.561,1859.286,no
2026-06-13,L20,LINEA 20,2,3303201,"VANSH,CO,POLVO ROSA 100GRX24",380,24,9120,2.561,973.18,no
2026-06-13,L22,LINEA 22,1,3251827,"VANSH,CO,130 ML WHITE X64",514,64,32896,9.891,5083.974,no
2026-06-16,L10_50,LINEA 10,1,3252385,"VANSH,CO,900ML PINKX12",1379,12,16548,11.995,16541.105,no
2026-06-16,L14,LINEA 14,1,3251826,"VANSH,CO,300MLX48 WHITE",420,48,20160,15.359,6450.78,no
2026-06-16,L14,LINEA 14,2,3251826,"VANSH,CO,300MLX48 WHITE",418,48,20064,15.359,6420.062,no
2026-06-16,L16,LINEA 16,1,3303199,VANISH POL PINK SAC 144X30GM,68,144,9792,4.9,333.2,no
2026-06-16,L18_21,LINEA 18,1,3097733,"VANSH,CR,GEL PINK 100ML CAM",940,72,67680,7.896,7422.24,no
2026-06-16,L19,LINEA 19,2,3252557,"VANSH,CO,1800ML WHITE X6 DP",1035,6,6210,11.852,12266.82,no
2026-06-16,L19,LINEA 19,2,3252560,"VANSH,CO,1800ML PINKX6 DP",321,6,1926,11.852,3804.492,no
2026-06-16,L20,LINEA 20,1,3303201,"VANSH,CO,POLVO ROSA 100GRX24",851,24,20424,2.561,2179.411,no
2026-06-16,L20,LINEA 20,2,3303201,"VANSH,CO,POLVO ROSA 100GRX24",782,24,18768,2.561,2002.702,no
2026-06-16,L22,LINEA 22,1,3251827,"VANSH,CO,130 ML WHITE X64",588,64,37632,9.891,5815.908,no
2026-06-16,L22,LINEA 22,2,3251827,"VANSH,CO,130 ML WHITE X64",563,64,36032,9.891,5568.633,no
2026-06-17,L10_50,LINEA 10,1,3252385,"VANSH,CO,900ML PINKX12",1315,12,15780,11.995,15773.425,no
2026-06-17,L14,LINEA 14,1,3251826,"VANSH,CO,300MLX48 WHITE",409,48,19632,15.359,6281.831,no
2026-06-17,L14,LINEA 14,2,3251826,"VANSH,CO,300MLX48 WHITE",329,48,15792,15.359,5053.111,no
2026-06-17,L16,LINEA 16,1,3303199,VANISH POL PINK SAC 144X30GM,283,144,40752,4.9,1386.7,no
2026-06-17,L18_21,LINEA 18,1,3097733,"VANSH,CR,GEL PINK 100ML CAM",947,72,68184,7.896,7477.512,no
2026-06-17,L19,LINEA 19,2,3252557,"VANSH,CO,1800ML WHITE X6 DP",1044,6,6264,11.852,12373.488,no
2026-06-17,L19,LINEA 19,2,3282079,"VANSH,CO, 1800ML BLANCO X6 DP",15,6,90,11.852,177.78,no
2026-06-17,L20,LINEA 20,1,3303236,"VANSH,CO,POLVO ROSA 240GRX12",1150,12,13800,3.049,3506.35,no
2026-06-17,L20,LINEA 20,2,3303236,"VANSH,CO,POLVO ROSA 240GRX12",1200,12,14400,3.049,3658.8,no
2026-06-17,L22,LINEA 22,1,3251827,"VANSH,CO,130 ML WHITE X64",531,64,33984,9.891,5252.121,no
2026-06-17,L22,LINEA 22,2,3251827,"VANSH,CO,130 ML WHITE X64",313,64,20032,9.891,3095.883,no
2026-06-17,L22,LINEA 22,2,3251828,"VANSH,CO,130 ML PINK X64",116,64,7424,9.891,1147.356,no
2026-06-18,L10_50,LINEA 10,1,3252385,"VANSH,CO,900ML PINKX12",1876,12,22512,11.995,22502.62,no
2026-06-18,L14,LINEA 14,1,3251826,"VANSH,CO,300MLX48 WHITE",366,48,17568,15.359,5621.394,no
2026-06-18,L14,LINEA 14,2,3251826,"VANSH,CO,300MLX48 WHITE",363,48,17424,15.359,5575.317,no
2026-06-18,L16,LINEA 16,1,3303199,VANISH POL PINK SAC 144X30GM,403,144,58032,4.9,1974.7,no
2026-06-18,L18_21,LINEA 18,1,18,MANTENIMIENTO LINEA 18,0,,0.0,,0,si
2026-06-18,L19,LINEA 19,2,3282079,"VANSH,CO, 1800ML BLANCO X6 DP",1353,6,8118,11.852,16035.756,no
2026-06-18,L20,LINEA 20,1,3303236,"VANSH,CO,POLVO ROSA 240GRX12",1327,12,15924,3.049,4046.023,no
2026-06-18,L20,LINEA 20,1,3303237,"VANSH,CO,POLVO BLANCO 240GRX12",0,12,0,3.049,0,no
2026-06-18,L20,LINEA 20,2,3303237,"VANSH,CO,POLVO BLANCO 240GRX12",1356,12,16272,3.049,4134.444,no
2026-06-18,L22,LINEA 22,1,3251828,"VANSH,CO,130 ML PINK X64",490,64,31360,9.891,4846.59,no
2026-06-18,L22,LINEA 22,2,3251828,"VANSH,CO,130 ML PINK X64",553,64,35392,9.891,5469.723,no
2026-06-19,L10_50,LINEA 10,1,3252385,"VANSH,CO,900ML PINKX12",1545,12,18540,11.995,18532.275,no
2026-06-19,L14,LINEA 14,1,3251826,"VANSH,CO,300MLX48 WHITE",400,48,19200,15.359,6143.6,no
2026-06-19,L14,LINEA 14,2,3251826,"VANSH,CO,300MLX48 WHITE",421,48,20208,15.359,6466.139,no
2026-06-19,L16,LINEA 16,1,3303199,VANISH POL PINK SAC 144X30GM,310,144,44640,4.9,1519,no
2026-06-19,L18_21,LINEA 18,1,18,MANTENIMIENTO LINEA 18,0,,0.0,,0,si
2026-06-19,L19,LINEA 19,2,3282079,"VANSH,CO, 1800ML BLANCO X6 DP",1438,6,8628,11.852,17043.176,no
2026-06-19,L20,LINEA 20,1,3303237,"VANSH,CO,POLVO BLANCO 240GRX12",1661,12,19932,3.049,5064.389,no
2026-06-19,L20,LINEA 20,2,3303237,"VANSH,CO,POLVO BLANCO 240GRX12",685,12,8220,3.049,2088.565,no
2026-06-19,L20,LINEA 20,2,3303239,"VANSH,CO,BLANCO DP 450GRX12",0,12,0,5.831,0,no
2026-06-19,L22,LINEA 22,1,3251828,"VANSH,CO,130 ML PINK X64",550,64,35200,9.891,5440.05,no
2026-06-19,L22,LINEA 22,2,3251828,"VANSH,CO,130 ML PINK X64",622,64,39808,9.891,6152.202,no
2026-06-20,L10_50,LINEA 10,1,3252382,"VANSH,CO,900ML WHITEX12",298,12,3576,11.995,3574.51,no
2026-06-20,L10_50,LINEA 10,1,3252385,"VANSH,CO,900ML PINKX12",1038,12,12456,11.995,12450.81,no
2026-06-20,L14,LINEA 14,1,3251826,"VANSH,CO,300MLX48 WHITE",290,48,13920,15.359,4454.11,no
2026-06-20,L14,LINEA 14,2,3251826,"VANSH,CO,300MLX48 WHITE",344,48,16512,15.359,5283.496,no
2026-06-20,L16,LINEA 16,1,3303199,VANISH POL PINK SAC 144X30GM,53,144,7632,4.9,259.7,no
2026-06-20,L18_21,LINEA 18,1,3097733,"VANSH,CR,GEL PINK 100ML CAM",753,72,54216,7.896,5945.688,no
2026-06-20,L19,LINEA 19,2,3251821,"VANSH,CO,800ML WHITEX12",777,12,9324,10.463,8129.751,no
2026-06-20,L20,LINEA 20,1,3303239,"VANSH,CO,BLANCO DP 450GRX12",526,12,6312,5.831,3067.106,no
2026-06-20,L20,LINEA 20,2,3303239,"VANSH,CO,BLANCO DP 450GRX12",950,12,11400,5.831,5539.45,no
2026-06-20,L22,LINEA 22,1,3251828,"VANSH,CO,130 ML PINK X64",493,64,31552,9.891,4876.263,no
2026-06-20,L22,LINEA 22,2,3251828,"VANSH,CO,130 ML PINK X64",468,64,29952,9.891,4628.988,no
2026-06-22,L10_50,LINEA 10,1,3252382,"VANSH,CO,900ML WHITEX12",1755,12,21060,11.995,21051.225,no
2026-06-22,L10_50,LINEA 10,2,3252382,"VANSH,CO,900ML WHITEX12",2044,12,24528,11.995,24517.78,no
2026-06-22,L14,LINEA 14,1,3251826,"VANSH,CO,300MLX48 WHITE",379,48,18192,15.359,5821.061,no
2026-06-22,L14,LINEA 14,2,3251825,"VANSH,CO,300ML PINKX48",308,48,14784,15.359,4730.572,no
2026-06-22,L14,LINEA 14,2,3251826,"VANSH,CO,300MLX48 WHITE",127,48,6096,15.359,1950.593,no
2026-06-22,L16,LINEA 16,1,3303199,VANISH POL PINK SAC 144X30GM,84,144,12096,4.9,411.6,no
2026-06-22,L18_21,LINEA 18,1,3097733,"VANSH,CR,GEL PINK 100ML CAM",777,72,55944,7.896,6135.192,no
2026-06-22,L19,LINEA 19,1,3251821,"VANSH,CO,800ML WHITEX12",0,12,0,10.463,0,no
2026-06-22,L19,LINEA 19,2,3251821,"VANSH,CO,800ML WHITEX12",1193,12,14316,10.463,12482.359,no
2026-06-22,L20,LINEA 20,1,3303239,"VANSH,CO,BLANCO DP 450GRX12",1128,12,13536,5.831,6577.368,no
2026-06-22,L20,LINEA 20,2,3303075,"VANSH,AR,BLANCO DP 450GRX12",961,12,11532,5.831,5603.591,no
2026-06-22,L20,LINEA 20,2,3303239,"VANSH,CO,BLANCO DP 450GRX12",185,12,2220,5.831,1078.735,no
2026-06-22,L22,LINEA 22,1,3251828,"VANSH,CO,130 ML PINK X64",566,64,36224,9.891,5598.306,no
2026-06-23,L10_50,LINEA 10,1,3252382,"VANSH,CO,900ML WHITEX12",1926,12,23112,11.995,23102.37,no
2026-06-23,L10_50,LINEA 10,2,3252382,"VANSH,CO,900ML WHITEX12",1008,12,12096,11.995,12090.96,no
2026-06-23,L10_50,LINEA 10,2,3295333,VANISH WHITE GALÓN X4,20,4,80,16.66,333.2,no
2026-06-23,L14,LINEA 14,1,3251825,"VANSH,CO,300ML PINKX48",344,48,16512,15.359,5283.496,no
2026-06-23,L14,LINEA 14,2,3251825,"VANSH,CO,300ML PINKX48",310,48,14880,15.359,4761.29,no
2026-06-23,L16,LINEA 16,1,3303199,VANISH POL PINK SAC 144X30GM,245,144,35280,4.9,1200.5,no
2026-06-23,L18_21,LINEA 18,1,3065105,"VANSH,CO,100MLX72 PINK GOLD",117,72,8424,8.133,951.561,no
2026-06-23,L18_21,LINEA 18,1,3097733,"VANSH,CR,GEL PINK 100ML CAM",695,72,50040,7.896,5487.72,no
2026-06-23,L19,LINEA 19,1,3251821,"VANSH,CO,800ML WHITEX12",104,12,1248,10.463,1088.152,no
2026-06-23,L19,LINEA 19,2,3251821,"VANSH,CO,800ML WHITEX12",934,12,11208,10.463,9772.442,no
2026-06-23,L20,LINEA 20,1,3303075,"VANSH,AR,BLANCO DP 450GRX12",939,12,11268,5.831,5475.309,no
2026-06-23,L20,LINEA 20,2,3303075,"VANSH,AR,BLANCO DP 450GRX12",887,12,10644,5.831,5172.097,no
2026-06-23,L22,LINEA 22,1,3251823,"VANSH,CO,450ML PINKX24",575,24,13800,11.925,6856.875,no
2026-06-24,L10_50,LINEA 10,1,3295333,VANISH WHITE GALÓN X4,1096,4,4384,16.66,18259.36,no
2026-06-24,L10_50,LINEA 10,2,3295333,VANISH WHITE GALÓN X4,1587,4,6348,16.66,26439.42,no
2026-06-24,L14,LINEA 14,1,3251825,"VANSH,CO,300ML PINKX48",0,48,0,15.359,0,no
2026-06-24,L14,LINEA 14,2,3251825,"VANSH,CO,300ML PINKX48",424,48,20352,15.359,6512.216,no
2026-06-24,L16,LINEA 16,1,3303199,VANISH POL PINK SAC 144X30GM,458,144,65952,4.9,2244.2,no
2026-06-24,L18_21,LINEA 18,1,3065105,"VANSH,CO,100MLX72 PINK GOLD",908,72,65376,8.133,7384.764,no
2026-06-24,L19,LINEA 19,1,3251821,"VANSH,CO,800ML WHITEX12",1135,12,13620,10.463,11875.505,no
2026-06-24,L19,LINEA 19,2,3251821,"VANSH,CO,800ML WHITEX12",1169,12,14028,10.463,12231.247,no
2026-06-24,L20,LINEA 20,1,3303106,"VANSH,AR,ROSA DP 450GRX12",1168,12,14016,5.831,6810.608,no
2026-06-24,L20,LINEA 20,2,3303106,"VANSH,AR,ROSA DP 450GRX12",1226,12,14712,5.831,7148.806,no
2026-06-24,L22,LINEA 22,1,3251823,"VANSH,CO,450ML PINKX24",1197,24,28728,11.925,14274.225,no
2026-06-25,L10_50,LINEA 10,1,3295332,VANISH PINK GALON X4,714,4,2856,16.66,11895.24,no
2026-06-25,L10_50,LINEA 10,1,3295333,VANISH WHITE GALÓN X4,828,4,3312,16.66,13794.48,no
2026-06-25,L10_50,LINEA 10,2,3295332,VANISH PINK GALON X4,2006,4,8024,16.66,33419.96,no
2026-06-25,L14,LINEA 14,1,3251825,"VANSH,CO,300ML PINKX48",424,48,20352,15.359,6512.216,no
2026-06-25,L14,LINEA 14,2,3251825,"VANSH,CO,300ML PINKX48",390,48,18720,15.359,5990.01,no
2026-06-25,L16,LINEA 16,1,3303199,VANISH POL PINK SAC 144X30GM,472,144,67968,4.9,2312.8,no
2026-06-25,L18_21,LINEA 18,1,3065105,"VANSH,CO,100MLX72 PINK GOLD",890,72,64080,8.133,7238.37,no
2026-06-25,L19,LINEA 19,1,3251821,"VANSH,CO,800ML WHITEX12",214,12,2568,10.463,2239.082,no
2026-06-25,L19,LINEA 19,1,3251822,"VANSH,CO,800ML PINKX12",854,12,10248,10.463,8935.402,no
2026-06-25,L19,LINEA 19,2,3251822,"VANSH,CO,800ML PINKX12",1210,12,14520,10.463,12660.23,no
2026-06-25,L20,LINEA 20,1,3303106,"VANSH,AR,ROSA DP 450GRX12",414,12,4968,5.831,2414.034,no
2026-06-25,L20,LINEA 20,1,3303238,"VANSH,CO,ROSA DP 450GRX12",213,12,2556,5.831,1242.003,no
2026-06-25,L20,LINEA 20,2,3303238,"VANSH,CO,ROSA DP 450GRX12",614,12,7368,5.831,3580.234,no
2026-06-25,L22,LINEA 22,1,3251823,"VANSH,CO,450ML PINKX24",1292,24,31008,11.925,15407.1,no
2026-06-26,L10_50,LINEA 10,1,3295332,VANISH PINK GALON X4,2193,4,8772,16.66,36535.38,no
2026-06-26,L10_50,LINEA 10,2,3295332,VANISH PINK GALON X4,473,4,1892,16.66,7880.18,no
2026-06-26,L14,LINEA 14,1,3251825,"VANSH,CO,300ML PINKX48",0,48,0,15.359,0,no
2026-06-26,L14,LINEA 14,2,3251825,"VANSH,CO,300ML PINKX48",306,48,14688,15.359,4699.854,no
2026-06-26,L16,LINEA 16,1,3303199,VANISH POL PINK SAC 144X30GM,411,144,59184,4.9,2013.9,no
2026-06-26,L18_21,LINEA 18,1,3065105,"VANSH,CO,100MLX72 PINK GOLD",283,72,20376,8.133,2301.639,no
2026-06-26,L18_21,LINEA 18,1,3097734,"VANSH,CR,GEL BLANCO 100ML CAM",353,72,25416,8.163,2881.539,no
2026-06-26,L19,LINEA 19,1,3251822,"VANSH,CO,800ML PINKX12",1136,12,13632,10.463,11885.968,no
2026-06-26,L19,LINEA 19,2,3251822,"VANSH,CO,800ML PINKX12",1216,12,14592,10.463,12723.008,no
2026-06-26,L20,LINEA 20,1,3303238,"VANSH,CO,ROSA DP 450GRX12",890,12,10680,5.831,5189.59,no
2026-06-26,L20,LINEA 20,2,3303238,"VANSH,CO,ROSA DP 450GRX12",1089,12,13068,5.831,6349.959,no
2026-06-26,L22,LINEA 22,1,3251824,"VANSH,CO,450ML WHITEX24",1021,24,24504,11.925,12175.425,no
2026-06-30,L10_50,LINEA 10,1,3295334,WOOLITE BLACK GALÓN X4,0,4,0,16.66,0,no
2026-06-30,L14,LINEA 14,1,3251825,"VANSH,CO,300ML PINKX48",0,48,0,15.359,0,no
2026-06-30,L18_21,LINEA 18,1,3097734,"VANSH,CR,GEL BLANCO 100ML CAM",0,72,0,8.163,0,no
2026-06-30,L19,LINEA 19,1,3251822,"VANSH,CO,800ML PINKX12",0,12,0,10.463,0,no
2026-06-30,L22,LINEA 22,1,3251824,"VANSH,CO,450ML WHITEX24",0,24,0,11.925,0,no
2026-07-02,L10_50,LINEA 10,2,3295334,WOOLITE BLACK GALÓN X4,1582,4,6328,16.66,26356.12,no
2026-07-02,L16,LINEA 16,1,3303199,VANISH POL PINK SAC 144X30GM,366,144,52704,4.9,1793.4,no
2026-07-02,L18_21,LINEA 18,2,3097734,"VANSH,CR,GEL BLANCO 100ML CAM",607,72,43704,8.163,4954.941,no
2026-07-02,L19,LINEA 19,1,3251822,"VANSH,CO,800ML PINKX12",1092,12,13104,10.463,11425.596,no
2026-07-02,L19,LINEA 19,2,3251821,"VANSH,CO,800ML WHITEX12",930,12,11160,10.463,9730.59,no
2026-07-02,L20,LINEA 20,1,20,MANTENIMIENTO LINEA 20,0,,0.0,,0,si
2026-07-02,L20,LINEA 20,2,3303107,"VANSH,AR,POLVO BLANCO 120GRX24",369,24,8856,2.561,945.009,no
2026-07-02,L22,LINEA 22,1,3251824,"VANSH,CO,450ML WHITEX24",1059,24,25416,11.925,12628.575,no
2026-07-02,L22,LINEA 22,2,3251824,"VANSH,CO,450ML WHITEX24",1044,24,25056,11.925,12449.7,no
2026-07-03,L10_50,LINEA 10,2,3295334,WOOLITE BLACK GALÓN X4,1884,4,7536,16.66,31387.44,no
2026-07-03,L14,LINEA 14,1,3251825,"VANSH,CO,300ML PINKX48",300,48,14400,15.359,4607.7,no
2026-07-03,L16,LINEA 16,1,3303199,VANISH POL PINK SAC 144X30GM,460,144,66240,4.9,2254,no
2026-07-03,L18_21,LINEA 18,2,3065104,"VANSH,CO,100MLX72 WHITE GOLD",811,72,58392,8.134,6596.674,no
2026-07-03,L19,LINEA 19,1,3251821,"VANSH,CO,800ML WHITEX12",1201,12,14412,10.463,12566.063,no
2026-07-03,L19,LINEA 19,2,3251821,"VANSH,CO,800ML WHITEX12",1180,12,14160,10.463,12346.34,no
2026-07-03,L20,LINEA 20,1,20,MANTENIMIENTO LINEA 20,0,,0.0,,0,si
2026-07-03,L20,LINEA 20,1,3303107,"VANSH,AR,POLVO BLANCO 120GRX24",150,24,3600,2.561,384.15,no
2026-07-03,L20,LINEA 20,2,3303107,"VANSH,AR,POLVO BLANCO 120GRX24",251,24,6024,2.561,642.811,no
2026-07-03,L20,LINEA 20,2,3303107,"VANSH,AR,POLVO BLANCO 120GRX24",676,24,16224,2.561,1731.236,no
2026-07-03,L22,LINEA 22,1,3251824,"VANSH,CO,450ML WHITEX24",1264,24,30336,11.925,15073.2,no
2026-07-03,L22,LINEA 22,2,3251824,"VANSH,CO,450ML WHITEX24",1298,24,31152,11.925,15478.65,no
2026-07-04,L10_50,LINEA 10,2,3295334,WOOLITE BLACK GALÓN X4,1094,4,4376,16.66,18226.04,no
2026-07-04,L10_50,LINEA 10,2,3295335,WOOLITE P&C GALÓN X4,169,4,676,16.66,2815.54,no
2026-07-04,L14,LINEA 14,1,3251825,"VANSH,CO,300ML PINKX48",78,48,3744,15.359,1198.002,no
2026-07-04,L16,LINEA 16,1,3303199,VANISH POL PINK SAC 144X30GM,378,144,54432,4.9,1852.2,no
2026-07-04,L18_21,LINEA 18,2,3065104,"VANSH,CO,100MLX72 WHITE GOLD",389,72,28008,8.134,3164.126,no
2026-07-04,L18_21,LINEA 18,2,3097734,"VANSH,CR,GEL BLANCO 100ML CAM",283,72,20376,8.163,2310.129,no
2026-07-04,L19,LINEA 19,1,3251821,"VANSH,CO,800ML WHITEX12",994,12,11928,10.463,10400.222,no
2026-07-04,L19,LINEA 19,2,3251821,"VANSH,CO,800ML WHITEX12",1040,12,12480,10.463,10881.52,no
2026-07-04,L20,LINEA 20,1,3303107,"VANSH,AR,POLVO BLANCO 120GRX24",72,24,1728,2.561,184.392,no
2026-07-04,L20,LINEA 20,1,3303246,"VANSH,CO,POLVO BLANCO 120GRX24",626,24,15024,2.561,1603.186,no
2026-07-04,L20,LINEA 20,2,3303246,"VANSH,CO,POLVO BLANCO 120GRX24",746,24,17904,2.561,1910.506,no
2026-07-04,L22,LINEA 22,1,3251824,"VANSH,CO,450ML WHITEX24",1181,24,28344,11.925,14083.425,no
2026-07-04,L22,LINEA 22,2,3251823,"VANSH,CO,450ML PINKX24",373,24,8952,11.925,4448.025,no
2026-07-04,L22,LINEA 22,2,3251824,"VANSH,CO,450ML WHITEX24",339,24,8136,11.925,4042.575,no
2026-07-06,L10_50,LINEA 10,1,3295335,WOOLITE P&C GALÓN X4,1194,4,4776,16.66,19892.04,no
2026-07-06,L14,LINEA 14,1,3101150,"SANPC,CO,450 ML X 24 VAINILLA",0,24,0,11.856,0,no
2026-07-06,L14,LINEA 14,2,3101150,"SANPC,CO,450 ML X 24 VAINILLA",501,24,12024,11.856,5939.856,no
2026-07-06,L16,LINEA 16,1,3303199,VANISH POL PINK SAC 144X30GM,425,144,61200,4.9,2082.5,no
2026-07-06,L16,LINEA 16,2,3303199,VANISH POL PINK SAC 144X30GM,295,144,42480,4.9,1445.5,no
2026-07-06,L18_21,LINEA 18,2,3097734,"VANSH,CR,GEL BLANCO 100ML CAM",961,72,69192,8.163,7844.643,no
2026-07-06,L19,LINEA 19,1,3251821,"VANSH,CO,800ML WHITEX12",1247,12,14964,10.463,13047.361,no
2026-07-06,L20,LINEA 20,1,3303204,"VANSH,CO,POLVO ROSA 120GRX24",706,24,16944,3.052,2154.712,no
2026-07-06,L20,LINEA 20,1,3303246,"VANSH,CO,POLVO BLANCO 120GRX24",107,24,2568,2.561,274.027,no
2026-07-06,L20,LINEA 20,2,3303204,"VANSH,CO,POLVO ROSA 120GRX24",790,24,18960,3.052,2411.08,no
2026-07-06,L22,LINEA 22,1,3251823,"VANSH,CO,450ML PINKX24",1248,24,29952,11.925,14882.4,no
2026-07-06,L22,LINEA 22,2,3162876,"SANPC,CO,VAINILLA 200ML DP",72,64,4608,14.158,1019.376,no
2026-07-06,L22,LINEA 22,2,3251823,"VANSH,CO,450ML PINKX24",457,24,10968,11.925,5449.725,no
2026-07-07,L14,LINEA 14,1,3101150,"SANPC,CO,450 ML X 24 VAINILLA",827,24,19848,11.856,9804.912,no
2026-07-07,L14,LINEA 14,2,3101150,"SANPC,CO,450 ML X 24 VAINILLA",510,24,12240,11.856,6046.56,no
2026-07-07,L16,LINEA 16,1,3303202,"VANSH,CO,POLVO BLANCO 30GRX144",419,144,60336,4.9,2053.1,no
2026-07-07,L16,LINEA 16,2,3303202,"VANSH,CO,POLVO BLANCO 30GRX144",279,144,40176,4.9,1367.1,no
2026-07-07,L18_21,LINEA 18,2,3097734,"VANSH,CR,GEL BLANCO 100ML CAM",624,72,44928,8.163,5093.712,no
2026-07-07,L19,LINEA 19,1,3251821,"VANSH,CO,800ML WHITEX12",1295,12,15540,10.463,13549.585,no
2026-07-07,L20,LINEA 20,1,3303201,"VANSH,CO,POLVO ROSA 100GRX24",869,24,20856,2.561,2225.509,no
2026-07-07,L20,LINEA 20,2,3303201,"VANSH,CO,POLVO ROSA 100GRX24",534,24,12816,2.561,1367.574,no
2026-07-07,L22,LINEA 22,1,3162876,"SANPC,CO,VAINILLA 200ML DP",603,64,38592,14.158,8537.274,no
2026-07-07,L22,LINEA 22,2,3162876,"SANPC,CO,VAINILLA 200ML DP",370,64,23680,14.158,5238.46,no
2026-07-08,L14,LINEA 14,1,3101150,"SANPC,CO,450 ML X 24 VAINILLA",911,24,21864,11.856,10800.816,no
2026-07-08,L14,LINEA 14,2,3101150,"SANPC,CO,450 ML X 24 VAINILLA",776,24,18624,11.856,9200.256,no
2026-07-08,L16,LINEA 16,1,3303202,"VANSH,CO,POLVO BLANCO 30GRX144",518,144,74592,4.9,2538.2,no
2026-07-08,L16,LINEA 16,2,3303202,"VANSH,CO,POLVO BLANCO 30GRX144",419,144,60336,4.9,2053.1,no
2026-07-08,L18_21,LINEA 18,2,3097734,"VANSH,CR,GEL BLANCO 100ML CAM",1027,72,73944,8.163,8383.401,no
2026-07-08,L19,LINEA 19,1,3251822,"VANSH,CO,800ML PINKX12",960,12,11520,10.463,10044.48,no
2026-07-08,L20,LINEA 20,1,3303200,"VANSH,CO,POLVO BLANCO 100GRX24",337,24,8088,2.561,863.057,no
2026-07-08,L20,LINEA 20,1,3303201,"VANSH,CO,POLVO ROSA 100GRX24",442,24,10608,2.561,1131.962,no
2026-07-08,L20,LINEA 20,2,3303200,"VANSH,CO,POLVO BLANCO 100GRX24",855,24,20520,2.561,2189.655,no
2026-07-08,L22,LINEA 22,1,3162876,"SANPC,CO,VAINILLA 200ML DP",581,64,37184,14.158,8225.798,no
2026-07-08,L22,LINEA 22,2,3162876,"SANPC,CO,VAINILLA 200ML DP",553,64,35392,14.158,7829.374,no
2026-07-09,L14,LINEA 14,1,3101150,"SANPC,CO,450 ML X 24 VAINILLA",814,24,19536,11.856,9650.784,no
2026-07-09,L14,LINEA 14,2,3101151,"SANPC,CO,450 ML X 24 C&M",525,24,12600,11.856,6224.4,no
2026-07-09,L16,LINEA 16,1,3303202,"VANSH,CO,POLVO BLANCO 30GRX144",345,144,49680,4.9,1690.5,no
2026-07-09,L16,LINEA 16,2,3303202,"VANSH,CO,POLVO BLANCO 30GRX144",522,144,75168,4.9,2557.8,no
2026-07-09,L18_21,LINEA 18,2,3065104,"VANSH,CO,100MLX72 WHITE GOLD",156,72,11232,8.134,1268.904,no
2026-07-09,L18_21,LINEA 18,2,3097734,"VANSH,CR,GEL BLANCO 100ML CAM",835,72,60120,8.163,6816.105,no
2026-07-09,L19,LINEA 19,1,3251822,"VANSH,CO,800ML PINKX12",1100,12,13200,10.463,11509.3,no
2026-07-09,L20,LINEA 20,1,3303200,"VANSH,CO,POLVO BLANCO 100GRX24",883,24,21192,2.561,2261.363,no
2026-07-09,L20,LINEA 20,2,3303200,"VANSH,CO,POLVO BLANCO 100GRX24",877,24,21048,2.561,2245.997,no
2026-07-09,L22,LINEA 22,1,3162876,"SANPC,CO,VAINILLA 200ML DP",630,64,40320,14.158,8919.54,no
2026-07-09,L22,LINEA 22,2,3162876,"SANPC,CO,VAINILLA 200ML DP",307,64,19648,14.158,4346.506,no
2026-07-09,L22,LINEA 22,2,3331340,"SANPC,CO,OASIS DE LAVAND 200ML",206,6,1236,12.851,2647.306,no
2026-07-10,L14,LINEA 14,1,3101151,"SANPC,CO,450 ML X 24 C&M",825,24,19800,11.856,9781.2,no
2026-07-10,L14,LINEA 14,2,3101151,"SANPC,CO,450 ML X 24 C&M",25,24,600,11.856,296.4,no
2026-07-10,L14,LINEA 14,2,3331250,"SANPC,CO,OASIS DE LAVAND 450ML",466,24,11184,11.856,5524.896,no
2026-07-10,L16,LINEA 16,1,3303202,"VANSH,CO,POLVO BLANCO 30GRX144",519,144,74736,4.9,2543.1,no
2026-07-10,L16,LINEA 16,2,3303202,"VANSH,CO,POLVO BLANCO 30GRX144",516,144,74304,4.9,2528.4,no
2026-07-10,L18_21,LINEA 18,2,3065104,"VANSH,CO,100MLX72 WHITE GOLD",959,72,69048,8.134,7800.506,no
2026-07-10,L19,LINEA 19,1,3251822,"VANSH,CO,800ML PINKX12",1235,12,14820,10.463,12921.805,no
2026-07-10,L20,LINEA 20,1,3303200,"VANSH,CO,POLVO BLANCO 100GRX24",822,24,19728,2.561,2105.142,no
2026-07-10,L20,LINEA 20,2,3303200,"VANSH,CO,POLVO BLANCO 100GRX24",716,24,17184,2.561,1833.676,no
2026-07-10,L22,LINEA 22,1,3331340,"SANPC,CO,OASIS DE LAVAND 200ML",618,6,3708,12.851,7941.918,no
2026-07-10,L22,LINEA 22,2,3331340,"SANPC,CO,OASIS DE LAVAND 200ML",562,6,3372,12.851,7222.262,no
2026-07-11,L14,LINEA 14,1,3331250,"SANPC,CO,OASIS DE LAVAND 450ML",693,24,16632,11.856,8216.208,no
2026-07-11,L14,LINEA 14,2,3331250,"SANPC,CO,OASIS DE LAVAND 450ML",321,24,7704,11.856,3805.776,no
2026-07-11,L14,LINEA 14,2,3331341,"SANPC,CO,MANZANA VERDE 450ML",58,24,1392,11.856,687.648,no
2026-07-11,L16,LINEA 16,1,3303202,"VANSH,CO,POLVO BLANCO 30GRX144",459,144,66096,4.9,2249.1,no
2026-07-11,L16,LINEA 16,2,3303202,"VANSH,CO,POLVO BLANCO 30GRX144",288,144,41472,4.9,1411.2,no
2026-07-11,L18_21,LINEA 18,2,3065104,"VANSH,CO,100MLX72 WHITE GOLD",818,72,58896,8.134,6653.612,no
2026-07-11,L19,LINEA 19,1,3251822,"VANSH,CO,800ML PINKX12",1013,12,12156,10.463,10599.019,no
2026-07-11,L20,LINEA 20,1,3303237,"VANSH,CO,POLVO BLANCO 240GRX12",1224,12,14688,3.049,3731.976,no
2026-07-11,L20,LINEA 20,2,3303237,"VANSH,CO,POLVO BLANCO 240GRX12",1015,12,12180,3.049,3094.735,no
2026-07-11,L22,LINEA 22,1,3331340,"SANPC,CO,OASIS DE LAVAND 200ML",462,6,2772,12.851,5937.162,no
2026-07-11,L22,LINEA 22,2,3331340,"SANPC,CO,OASIS DE LAVAND 200ML",487,6,2922,12.851,6258.437,no
2026-07-14,L10_50,LINEA 10,1,3295335,WOOLITE P&C GALÓN X4,0,4,0,16.66,0,no
2026-07-14,L10_50,LINEA 10,2,3295333,VANISH WHITE GALÓN X4,22,4,88,16.66,366.52,no
2026-07-14,L10_50,LINEA 10,2,3295335,WOOLITE P&C GALÓN X4,902,4,3608,16.66,15027.32,no
2026-07-14,L14,LINEA 14,1,3331341,"SANPC,CO,MANZANA VERDE 450ML",688,24,16512,11.856,8156.928,no
2026-07-14,L14,LINEA 14,2,3331341,"SANPC,CO,MANZANA VERDE 450ML",462,24,11088,11.856,5477.472,no
2026-07-14,L18_21,LINEA 18,1,3065104,"VANSH,CO,100MLX72 WHITE GOLD",1016,72,73152,8.134,8264.144,no
2026-07-14,L18_21,LINEA 18,2,3065104,"VANSH,CO,100MLX72 WHITE GOLD",15,72,1080,8.134,122.01,no
2026-07-14,L19,LINEA 19,1,3251822,"VANSH,CO,800ML PINKX12",1114,12,13368,10.463,11655.782,no
2026-07-14,L19,LINEA 19,2,3251822,"VANSH,CO,800ML PINKX12",225,12,2700,10.463,2354.175,no
2026-07-14,L19,LINEA 19,2,3252560,"VANSH,CO,1800ML PINKX6 DP",190,6,1140,11.852,2251.88,no
2026-07-14,L22,LINEA 22,1,3162877,"SANPC,,CANELA MANZANA 200ML",330,64,21120,14.158,4672.14,no
2026-07-14,L22,LINEA 22,1,3331340,"SANPC,CO,OASIS DE LAVAND 200ML",120,6,720,12.851,1542.12,no
2026-07-14,L22,LINEA 22,2,3162877,"SANPC,,CANELA MANZANA 200ML",536,64,34304,14.158,7588.688,no
2026-07-15,L10_50,LINEA 10,2,3295333,VANISH WHITE GALÓN X4,326,4,1304,16.66,5431.16,no
2026-07-15,L10_50,LINEA 10,2,3295333,VANISH WHITE GALÓN X4,570,4,2280,16.66,9496.2,no
2026-07-15,L14,LINEA 14,1,3331341,"SANPC,CO,MANZANA VERDE 450ML",135,24,3240,11.856,1600.56,no
2026-07-15,L14,LINEA 14,1,3331343,"SANPC,CO,MANZANA VERDE 1000ML",0,12,0,12.925,0,no
2026-07-15,L14,LINEA 14,2,3331343,"SANPC,CO,MANZANA VERDE 1000ML",180,12,2160,12.925,2326.5,no
2026-07-15,L18_21,LINEA 18,1,3065104,"VANSH,CO,100MLX72 WHITE GOLD",761,72,54792,8.134,6189.974,no
2026-07-15,L18_21,LINEA 18,1,3097733,"VANSH,CR,GEL PINK 100ML CAM",190,72,13680,7.896,1500.24,no
2026-07-15,L19,LINEA 19,1,3252560,"VANSH,CO,1800ML PINKX6 DP",1340,6,8040,11.852,15881.68,no
2026-07-15,L19,LINEA 19,2,3252560,"VANSH,CO,1800ML PINKX6 DP",1494,6,8964,11.852,17706.888,no
2026-07-15,L22,LINEA 22,1,3162877,"SANPC,,CANELA MANZANA 200ML",569,64,36416,14.158,8055.902,no
2026-07-15,L22,LINEA 22,2,3162877,"SANPC,,CANELA MANZANA 200ML",79,64,5056,14.158,1118.482,no
2026-07-15,L22,LINEA 22,2,3251828,"VANSH,CO,130 ML PINK X64",257,64,16448,9.891,2541.987,no
2026-07-16,L10_50,LINEA 10,2,3295333,VANISH WHITE GALÓN X4,1774,4,7096,16.66,29554.84,no
2026-07-16,L14,LINEA 14,1,3331343,"SANPC,CO,MANZANA VERDE 1000ML",983,12,11796,12.925,12705.275,no
2026-07-16,L14,LINEA 14,2,3331342,"SANPC,ES,OASIS DE LAVAN 1000ML",560,12,6720,12.725,7126,no
2026-07-16,L14,LINEA 14,2,3331343,"SANPC,CO,MANZANA VERDE 1000ML",264,12,3168,12.925,3412.2,no
2026-07-16,L18_21,LINEA 18,1,3097733,"VANSH,CR,GEL PINK 100ML CAM",1072,72,77184,7.896,8464.512,no
2026-07-16,L19,LINEA 19,1,3282078,"VANSH,CO,VANISH PINK 1.8LX6 DP",1431,6,8586,11.852,16960.212,no
2026-07-16,L19,LINEA 19,2,3282078,"VANSH,CO,VANISH PINK 1.8LX6 DP",1033,6,6198,11.852,12243.116,no
2026-07-16,L22,LINEA 22,1,3251828,"VANSH,CO,130 ML PINK X64",576,64,36864,9.891,5697.216,no
2026-07-16,L22,LINEA 22,2,3251828,"VANSH,CO,130 ML PINK X64",490,64,31360,9.891,4846.59,no
2026-07-17,L10_50,LINEA 10,2,3295333,VANISH WHITE GALÓN X4,987,4,3948,16.66,16443.42,no
2026-07-17,L14,LINEA 14,1,3101148,"SANPC,CO,1000 ML X 12 VAINILLA",0,12,0,12.725,0,no
2026-07-17,L14,LINEA 14,1,3331342,"SANPC,ES,OASIS DE LAVAN 1000ML",755,12,9060,12.725,9607.375,no
2026-07-17,L14,LINEA 14,2,3101148,"SANPC,CO,1000 ML X 12 VAINILLA",435,12,5220,12.725,5535.375,no
2026-07-17,L18_21,LINEA 18,1,3097733,"VANSH,CR,GEL PINK 100ML CAM",968,72,69696,7.896,7643.328,no
2026-07-17,L19,LINEA 19,1,3282078,"VANSH,CO,VANISH PINK 1.8LX6 DP",1346,6,8076,11.852,15952.792,no
2026-07-17,L19,LINEA 19,2,3282078,"VANSH,CO,VANISH PINK 1.8LX6 DP",218,6,1308,11.852,2583.736,no
2026-07-17,L19,LINEA 19,2,3282079,"VANSH,CO, 1800ML BLANCO X6 DP",432,6,2592,11.852,5120.064,no
2026-07-17,L22,LINEA 22,1,3251827,"VANSH,CO,130 ML WHITE X64",455,64,29120,9.891,4500.405,no
2026-07-17,L22,LINEA 22,2,3251827,"VANSH,CO,130 ML WHITE X64",252,64,16128,9.891,2492.532,no
2026-07-18,L10_50,LINEA 10,2,3295333,VANISH WHITE GALÓN X4,1872,4,7488,16.66,31187.52,no
2026-07-18,L14,LINEA 14,1,3101148,"SANPC,CO,1000 ML X 12 VAINILLA",876,12,10512,12.725,11147.1,no
2026-07-18,L14,LINEA 14,2,3101148,"SANPC,CO,1000 ML X 12 VAINILLA",40,12,480,12.725,509,no
2026-07-18,L18_21,LINEA 18,1,3097733,"VANSH,CR,GEL PINK 100ML CAM",243,72,17496,7.896,1918.728,no
2026-07-18,L19,LINEA 19,1,3282079,"VANSH,CO, 1800ML BLANCO X6 DP",1548,6,9288,11.852,18346.896,no
2026-07-18,L19,LINEA 19,2,3252557,"VANSH,CO,1800ML WHITE X6 DP",360,6,2160,11.852,4266.72,no
2026-07-18,L19,LINEA 19,2,3282079,"VANSH,CO, 1800ML BLANCO X6 DP",1055,6,6330,11.852,12503.86,no
2026-07-18,L20,LINEA 20,1,3303106,"VANSH,AR,ROSA DP 450GRX12",0,12,0,5.831,0,no
2026-07-18,L22,LINEA 22,1,3251827,"VANSH,CO,130 ML WHITE X64",532,64,34048,9.891,5262.012,no
2026-07-18,L22,LINEA 22,2,3251827,"VANSH,CO,130 ML WHITE X64",537,64,34368,9.891,5311.467,no
2026-07-21,L10_50,LINEA 10,1,3295332,VANISH PINK GALON X4,1918,4,7672,16.66,31953.88,no
2026-07-21,L14,LINEA 14,1,3101148,"SANPC,CO,1000 ML X 12 VAINILLA",822,12,9864,12.725,10459.95,no
2026-07-21,L14,LINEA 14,2,3101148,"SANPC,CO,1000 ML X 12 VAINILLA",523,12,6276,12.725,6655.175,no
2026-07-21,L14,LINEA 14,2,3206376,"WLITE,CO,900ML X 12 BEBE",0,12,0,11.838,0,no
2026-07-21,L16,LINEA 16,1,3303202,"VANSH,CO,POLVO BLANCO 30GRX144",405,144,58320,4.9,1984.5,no
2026-07-21,L19,LINEA 19,1,3252557,"VANSH,CO,1800ML WHITE X6 DP",1378,6,8268,11.852,16332.056,no
2026-07-21,L20,LINEA 20,1,3303106,"VANSH,AR,ROSA DP 450GRX12",859,12,10308,5.831,5008.829,no
2026-07-21,L20,LINEA 20,2,3303075,"VANSH,AR,BLANCO DP 450GRX12",575,12,6900,5.831,3352.825,no
2026-07-21,L20,LINEA 20,2,3303106,"VANSH,AR,ROSA DP 450GRX12",329,12,3948,5.831,1918.399,no
2026-07-21,L22,LINEA 22,1,3251827,"VANSH,CO,130 ML WHITE X64",486,64,31104,9.891,4807.026,no
2026-07-21,L22,LINEA 22,2,3251826,"VANSH,CO,300MLX48 WHITE",0,48,0,15.359,0,no
2026-07-21,L22,LINEA 22,2,3251827,"VANSH,CO,130 ML WHITE X64",335,64,21440,9.891,3313.485,no
2026-07-22,L10_50,LINEA 10,1,3295332,VANISH PINK GALON X4,1543,4,6172,16.66,25706.38,no
2026-07-22,L14,LINEA 14,1,3206376,"WLITE,CO,900ML X 12 BEBE",917,12,11004,11.838,10855.446,no
2026-07-22,L14,LINEA 14,2,3206376,"WLITE,CO,900ML X 12 BEBE",977,12,11724,11.838,11565.726,no
2026-07-22,L16,LINEA 16,1,3303202,"VANSH,CO,POLVO BLANCO 30GRX144",490,144,70560,4.9,2401,no
2026-07-22,L19,LINEA 19,1,3252557,"VANSH,CO,1800ML WHITE X6 DP",1642,6,9852,11.852,19460.984,no
2026-07-22,L20,LINEA 20,1,3303075,"VANSH,AR,BLANCO DP 450GRX12",1131,12,13572,5.831,6594.861,no
2026-07-22,L20,LINEA 20,2,3303075,"VANSH,AR,BLANCO DP 450GRX12",1102,12,13224,5.831,6425.762,no
2026-07-22,L22,LINEA 22,1,3251826,"VANSH,CO,300MLX48 WHITE",0,48,0,15.359,0,no
2026-07-22,L22,LINEA 22,2,3251826,"VANSH,CO,300MLX48 WHITE",544,48,26112,15.359,8355.296,no
2026-07-23,L10_50,LINEA 10,1,3295332,VANISH PINK GALON X4,1260,4,5040,16.66,20991.6,no
2026-07-23,L14,LINEA 14,1,3279143,"WLITE,CO,BLACK 900ML DPX12",906,12,10872,11.823,10711.638,no
2026-07-23,L14,LINEA 14,2,3279143,"WLITE,CO,BLACK 900ML DPX12",1067,12,12804,11.823,12615.141,no
2026-07-23,L16,LINEA 16,1,3303202,"VANSH,CO,POLVO BLANCO 30GRX144",427,144,61488,4.9,2092.3,no
2026-07-23,L19,LINEA 19,1,3153282,"SANPC,CO,2000ML X 6 VAINILLA",0,6,0,12.851,0,no
2026-07-23,L19,LINEA 19,1,3252557,"VANSH,CO,1800ML WHITE X6 DP",759,6,4554,11.852,8995.668,no
2026-07-23,L20,LINEA 20,1,3303109,"VANSH,AR,POLVO BLANCO 850GRX6",1269,6,7614,5.495,6973.155,no
2026-07-23,L20,LINEA 20,2,3303109,"VANSH,AR,POLVO BLANCO 850GRX6",57,6,342,5.495,313.215,no
2026-07-23,L20,LINEA 20,2,3303243,"VANSH,CO,POLVO BLANCO 850GRX6",1724,6,10344,5.495,9473.38,no
2026-07-23,L22,LINEA 22,1,3251826,"VANSH,CO,300MLX48 WHITE",525,48,25200,15.359,8063.475,no
2026-07-23,L22,LINEA 22,2,3251826,"VANSH,CO,300MLX48 WHITE",570,48,27360,15.359,8754.63,no
2026-07-24,L10_50,LINEA 10,1,3295332,VANISH PINK GALON X4,475,4,1900,16.66,7913.5,no
2026-07-24,L10_50,LINEA 10,1,3295376,WOOLITE BABY 2L X6,0,6,0,13.666,0,no
2026-07-24,L14,LINEA 14,1,21138,"ESYOF,CO,QTG,DP,LIM,EXP,500ML",0,12,0,6.559,0,no
2026-07-24,L14,LINEA 14,1,3279143,"WLITE,CO,BLACK 900ML DPX12",655,12,7860,11.823,7744.065,no
2026-07-24,L14,LINEA 14,2,21138,"ESYOF,CO,QTG,DP,LIM,EXP,500ML",700,12,8400,6.559,4591.3,no
2026-07-24,L16,LINEA 16,1,3303202,"VANSH,CO,POLVO BLANCO 30GRX144",395,144,56880,4.9,1935.5,no
2026-07-24,L19,LINEA 19,1,3153282,"SANPC,CO,2000ML X 6 VAINILLA",1116,6,6696,12.851,14341.716,no
2026-07-24,L19,LINEA 19,2,3153282,"SANPC,CO,2000ML X 6 VAINILLA",515,6,3090,12.851,6618.265,no
2026-07-24,L20,LINEA 20,1,3303242,"VANSH,CO,POLVO ROSA 850GRX6",1366,6,8196,5.495,7506.17,no
2026-07-24,L20,LINEA 20,1,3303243,"VANSH,CO,POLVO BLANCO 850GRX6",376,6,2256,5.495,2066.12,no
2026-07-24,L20,LINEA 20,2,3276519,"FINSH,CO,POWDER DP 1KGX8",0,8,0,8.875,0,no
2026-07-24,L20,LINEA 20,2,3303242,"VANSH,CO,POLVO ROSA 850GRX6",351,6,2106,5.495,1928.745,no
2026-07-24,L22,LINEA 22,1,3251826,"VANSH,CO,300MLX48 WHITE",633,48,30384,15.359,9722.247,no
2026-07-24,L22,LINEA 22,2,3251826,"VANSH,CO,300MLX48 WHITE",583,48,27984,15.359,8954.297,no
2026-07-25,L10_50,LINEA 10,1,3295376,WOOLITE BABY 2L X6,944,6,5664,13.666,12900.704,no
2026-07-25,L14,LINEA 14,1,21138,"ESYOF,CO,QTG,DP,LIM,EXP,500ML",1594,12,19128,6.559,10455.046,no
2026-07-25,L14,LINEA 14,2,21138,"ESYOF,CO,QTG,DP,LIM,EXP,500ML",687,12,8244,6.559,4506.033,no
2026-07-25,L14,LINEA 14,2,21166,"ESYOF,CO,CRIS,REG,DP,500ML",655,12,7860,6.529,4276.495,no
2026-07-25,L16,LINEA 16,1,3303202,"VANSH,CO,POLVO BLANCO 30GRX144",462,144,66528,4.9,2263.8,no
2026-07-25,L19,LINEA 19,1,3153282,"SANPC,CO,2000ML X 6 VAINILLA",858,6,5148,12.851,11026.158,no
2026-07-25,L20,LINEA 20,1,3276519,"FINSH,CO,POWDER DP 1KGX8",756,8,6048,8.875,6709.5,no
2026-07-25,L20,LINEA 20,2,3276519,"FINSH,CO,POWDER DP 1KGX8",888,8,7104,8.875,7881,no
2026-07-25,L22,LINEA 22,1,3251824,"VANSH,CO,450ML WHITEX24",458,24,10992,11.925,5461.65,no
2026-07-25,L22,LINEA 22,1,3251826,"VANSH,CO,300MLX48 WHITE",232,48,11136,15.359,3563.288,no
2026-07-25,L22,LINEA 22,2,3251824,"VANSH,CO,450ML WHITEX24",1156,24,27744,11.925,13785.3,no
2026-07-27,L10_50,LINEA 10,1,3295376,WOOLITE BABY 2L X6,751,6,4506,13.666,10263.166,no
2026-07-27,L10_50,LINEA 10,1,3295377,WOOLITE P&C 2L X6,141,6,846,13.666,1926.906,no
2026-07-27,L10_50,LINEA 10,2,3295377,WOOLITE P&C 2L X6,974,6,5844,13.666,13310.684,no
2026-07-27,L10_50,LINEA 10,2,3300824,WOOLITE BLACK 2L X6,0,6,0,13.666,0,no
2026-07-27,L14,LINEA 14,1,21166,"ESYOF,CO,CRIS,REG,DP,500ML",1655,12,19860,6.529,10805.495,no
2026-07-27,L14,LINEA 14,2,21166,"ESYOF,CO,CRIS,REG,DP,500ML",579,12,6948,6.529,3780.291,no
2026-07-27,L14,LINEA 14,2,3055604,"SANPC,CR,LAVENDER DP 445 ML",218,24,5232,11.634,2536.212,no
2026-07-27,L16,LINEA 16,1,3303202,"VANSH,CO,POLVO BLANCO 30GRX144",197,144,28368,4.9,965.3,no
2026-07-27,L19,LINEA 19,1,3153282,"SANPC,CO,2000ML X 6 VAINILLA",903,6,5418,12.851,11604.453,no
2026-07-27,L19,LINEA 19,1,3279149,"WLITE,CO,BLACK 1.8L X6",0,6,0,11.892,0,no
2026-07-27,L20,LINEA 20,1,3276519,"FINSH,CO,POWDER DP 1KGX8",1212,8,9696,8.875,10756.5,no
2026-07-27,L20,LINEA 20,2,3276519,"FINSH,CO,POWDER DP 1KGX8",1361,8,10888,8.875,12078.875,no
2026-07-27,L22,LINEA 22,1,22,MANTENIMIENTO LINEA 22,0,,0.0,,0,si
2026-07-28,L10_50,LINEA 10,1,3300824,WOOLITE BLACK 2L X6,907,6,5442,13.666,12395.062,no
2026-07-28,L10_50,LINEA 10,2,3300824,WOOLITE BLACK 2L X6,772,6,4632,13.666,10550.152,no
2026-07-28,L10_50,LINEA 10,2,3331345,"SANPC,CO,OASIS DE LAVANDA 3L",0,4,0,12.806,0,no
2026-07-28,L14,LINEA 14,1,3055604,"SANPC,CR,LAVENDER DP 445 ML",862,24,20688,11.634,10028.508,no
2026-07-28,L14,LINEA 14,2,3055604,"SANPC,CR,LAVENDER DP 445 ML",413,24,9912,11.634,4804.842,no
2026-07-28,L19,LINEA 19,1,3279149,"WLITE,CO,BLACK 1.8L X6",1267,6,7602,11.892,15067.164,no
2026-07-28,L20,LINEA 20,1,3276519,"FINSH,CO,POWDER DP 1KGX8",528,8,4224,8.875,4686,no
2026-07-28,L20,LINEA 20,2,3276519,"FINSH,CO,POWDER DP 1KGX8",397,8,3176,8.875,3523.375,no
2026-07-28,L22,LINEA 22,1,22,MANTENIMIENTO LINEA 22,0,,0.0,,0,si
2026-07-29,L10_50,LINEA 10,1,3331345,"SANPC,CO,OASIS DE LAVANDA 3L",910,4,3640,12.806,11653.46,no
2026-07-29,L10_50,LINEA 10,2,3245276,"SANPC,CO,CANELA MANZANA 3L X4",942,4,3768,12.806,12063.252,no
2026-07-29,L10_50,LINEA 10,2,3331345,"SANPC,CO,OASIS DE LAVANDA 3L",301,4,1204,12.806,3854.606,no
2026-07-29,L14,LINEA 14,1,3279143,"WLITE,CO,BLACK 900ML DPX12",0,12,0,11.823,0,no
2026-07-29,L19,LINEA 19,1,3279149,"WLITE,CO,BLACK 1.8L X6",1294,6,7764,11.892,15388.248,no
2026-07-29,L19,LINEA 19,1,3279168,"WLITE,CO,P&C 1.8L X6",430,6,2580,11.892,5113.56,no
2026-07-29,L19,LINEA 19,2,3279168,"WLITE,CO,P&C 1.8L X6",1503,6,9018,11.892,17873.676,no
2026-07-29,L20,LINEA 20,1,3276519,"FINSH,CO,POWDER DP 1KGX8",1351,8,10808,8.875,11990.125,no
2026-07-29,L20,LINEA 20,2,3276519,"FINSH,CO,POWDER DP 1KGX8",969,8,7752,8.875,8599.875,no
2026-07-29,L22,LINEA 22,1,3251824,"VANSH,CO,450ML WHITEX24",1445,24,34680,11.925,17231.625,no
2026-07-30,L10_50,LINEA 10,1,3058649,"LYSOL,CO,CITRUS GALON",235,4,940,15.936,3744.96,no
2026-07-30,L10_50,LINEA 10,1,3245276,"SANPC,CO,CANELA MANZANA 3L X4",330,4,1320,12.806,4225.98,no
2026-07-30,L10_50,LINEA 10,2,3058649,"LYSOL,CO,CITRUS GALON",1727,4,6908,15.936,27521.472,no
2026-07-30,L16,LINEA 16,1,3303199,VANISH POL PINK SAC 144X30GM,0,144,0,4.9,0,no
2026-07-30,L19,LINEA 19,1,3251824,"VANSH,CO,450ML WHITEX24",0,24,0,11.925,0,no
2026-07-30,L19,LINEA 19,1,3279168,"WLITE,CO,P&C 1.8L X6",632,6,3792,11.892,7515.744,no
2026-07-30,L20,LINEA 20,1,3276519,"FINSH,CO,POWDER DP 1KGX8",882,8,7056,8.875,7827.75,no
2026-07-30,L20,LINEA 20,2,3276519,"FINSH,CO,POWDER DP 1KGX8",1350,8,10800,8.875,11981.25,no
2026-07-30,L22,LINEA 22,1,3251823,"VANSH,CO,450ML PINKX24",1400,24,33600,11.925,16695,no
2026-08-01,L10_50,LINEA 10,1,3102524,"SANPC,CO,5 L X 3 VAINILLA",1220,3,3660,16.023,19548.06,no
2026-08-01,L10_50,LINEA 10,2,3101144,"SANPC,CO,5 L X 3 C&M",54,3,162,16.023,865.242,no
2026-08-01,L10_50,LINEA 10,2,3102524,"SANPC,CO,5 L X 3 VAINILLA",838,3,2514,16.023,13427.274,no
2026-08-01,L20,LINEA 20,1,3276519,"FINSH,CO,POWDER DP 1KGX8",292,8,2336,8.875,2591.5,no
2026-08-01,L20,LINEA 20,1,3303246,"VANSH,CO,POLVO BLANCO 120GRX24",0.0,24,0,2.561,0,no
2026-08-01,L20,LINEA 20,2,3303246,"VANSH,CO,POLVO BLANCO 120GRX24",0,24,0,2.561,0,no
2026-08-03,L10_50,LINEA 10,1,3101144,"SANPC,CO,5 L X 3 C&M",591,3,1773,16.023,9469.593,no
2026-08-03,L14,LINEA 14,1,14,MANTENIMIENTO LINEA 14,0,,0.0,,0,si
2026-08-03,L16,LINEA 16,1,3303199,VANISH POL PINK SAC 144X30GM,263,144,37872,4.9,1288.7,no
2026-08-03,L18_21,LINEA 18,1,3065105,"VANSH,CO,100MLX72 PINK GOLD",520,72,37440,8.133,4229.16,no
2026-08-03,L19,LINEA 19,1,3251824,"VANSH,CO,450ML WHITEX24",400,24,9600,11.925,4770,no
2026-08-03,L19,LINEA 19,2,3251824,"VANSH,CO,450ML WHITEX24",970,24,23280,11.925,11567.25,no
2026-08-03,L20,LINEA 20,1,3303246,"VANSH,CO,POLVO BLANCO 120GRX24",509,24,12216,2.561,1303.549,no
2026-08-03,L20,LINEA 20,2,3303246,"VANSH,CO,POLVO BLANCO 120GRX24",0,24,0,2.561,0,no
2026-08-03,L22,LINEA 22,1,3251823,"VANSH,CO,450ML PINKX24",626,24,15024,11.925,7465.05,no
2026-08-03,L22,LINEA 22,1,3251823,"VANSH,CO,450ML PINKX24",420,24,10080,11.925,5008.5,no
2026-08-03,L22,LINEA 22,2,3251823,"VANSH,CO,450ML PINKX24",1104,24,26496,11.925,13165.2,no
2026-08-04,L10_50,LINEA 10,1,3101144,"SANPC,CO,5 L X 3 C&M",312,3,936,16.023,4999.176,no
2026-08-04,L10_50,LINEA 10,1,3252382,"VANSH,CO,900ML WHITEX12",318,12,3816,11.995,3814.41,no
2026-08-04,L14,LINEA 14,1,14,MANTENIMIENTO LINEA 14,0,,0.0,,0,si
2026-08-04,L16,LINEA 16,1,3303199,VANISH POL PINK SAC 144X30GM,204,144,29376,4.9,999.6,no
2026-08-04,L18_21,LINEA 18,1,3065105,"VANSH,CO,100MLX72 PINK GOLD",0,72,0,8.133,0,no
2026-08-04,L19,LINEA 19,1,3251824,"VANSH,CO,450ML WHITEX24",940,24,22560,11.925,11209.5,no
2026-08-04,L20,LINEA 20,1,3303246,"VANSH,CO,POLVO BLANCO 120GRX24",682,24,16368,2.561,1746.602,no
2026-08-04,L20,LINEA 20,2,3303107,"VANSH,AR,POLVO BLANCO 120GRX24",90,24,2160,2.561,230.49,no
2026-08-04,L22,LINEA 22,1,3251823,"VANSH,CO,450ML PINKX24",426,24,10224,11.925,5080.05,no
2026-08-04,L22,LINEA 22,1,3251825,"VANSH,CO,300ML PINKX48",248,48,11904,15.359,3809.032,no
2026-08-04,L22,LINEA 22,2,3251825,"VANSH,CO,300ML PINKX48",51,48,2448,15.359,783.309,no
